ID,Date,Price,Location
553664,1/4/2008,"$240,000.00 ",Section: 8 Township: 36 Range: 15 Subdivision: VERDE VI...
553770,1/11/2008,"$385,000.00 ",Quarter: NE/4 Section: 34 Township: 37 Range: 14 Subdiv...
553846,1/11/2008,"$114,000.00 ",Section: 7 Township: 35 Range: 16 Subdivision: SAGE HIL...
554052,1/28/2008,"$187,000.00 ",Subdivision: SUNNYSIDE Lot: 15-16 Block: 1 B386 P396 B6...
554143,1/31/2008,"$139,000.00 ",Section: 26 Township: 36 Range: 16
554188,1/18/2008,"$337,500.00 ",Quarter: SW/4 Section: 12 Township: 36 Range: 15
554270,2/8/2008,"$150,000.00 ",Quarter: NW/4 Section: 35 Township: 36 Range: 16 Subdiv...
554372,2/12/2008,"$63,000.00 ",Quarter: NW/4 Section: 26 Township: 36 Range: 16 Subdiv...
554384,2/4/2008,"$155,000.00 ",Section: 35 Township: 37 Range: 15 TR S1/2SW1/4 3.00AC ...
554409,2/14/2008,"$128,000.00 ",Section: 26 Township: 36 Range: 16
554667,2/28/2008,"$125,000.00 ",Section: 34 Township: 37 Range: 15
554706,2/29/2008,"$270,000.00 ",Quarter: SW/4 Section: 18 Township: 36 Range: 15 Subdiv...
554931,3/12/2008,"$142,900.00 ",Section: 22 Township: 36 Range: 15 2.15 AC (USA OWNS AL...
554968,3/13/2008,"$300,000.00 ",Quarter: SW/4 Section: 11 Township: 37 Range: 15
554974,3/7/2008,"$127,000.00 ",Sixteenth: E/2 Quarter: NW/4 Section: 19 Township: 36 Ra...
554982,3/10/2008,"$195,000.00 ",Section: 9 Township: 36 Range: 16
554992,3/14/2008,"$200,000.00 ",Quarter: SE/4 Section: 33 Township: 37 Range: 14 Subdiv...
555055,3/14/2008,"$250,000.00 ",Subdivision: TIBBITS-REYNOLDS Block: 7 LOT: 7 THRU:- LOT...
555087,3/18/2008,"$55,000.00 ",Quarter: SE/4 Section: 20 Township: 36 Range: 15
555111,3/20/2008,"$200,000.00 ",Sixteenth: S/2 Quarter: SE/4 Section: 17 Township: 36 Ra...
555182,3/24/2008,"$311,000.00 ",Quarter: NW/4 Section: 18 Township: 36 Range: 16 Subdiv...
555259,3/28/2008,"$74,000.00 ",Section: 9 Township: 35 Range: 16 Subdivision: MCLAUGHL...
555328,3/21/2008,"$66,000.00 ",Sixteenth: NE Quarter: NW/4 Section: 11 Township: 36 Ran...
555330,3/31/2008,"$301,500.00 ",Quarter: NE/4 Section: 26 Township: 36 Range: 16 Subdiv...
555398,4/4/2008,"$75,000.00 ",Quarter: NW/4 Section: 35 Township: 36 Range: 16
555442,4/7/2008,"$140,000.00 ",Quarter: NW/4 Section: 14 Township: 35 Range: 16
555609,4/15/2008,"$335,000.00 ",Quarter: SW/4 Section: 21 Township: 36 Range: 13 Subdiv...
555617,4/15/2008,"$272,000.00 ",Section: 8 Township: 35 Range: 16 Subdivision: GOODWIN ...
555718,4/18/2008,"$159,000.00 ",Quarter: SW/4 Section: 28 Township: 36 Range: 13 Subdiv...
555755,4/21/2008,"$255,000.00 ",Quarter: SW/4 Section: 36 Township: 39 Range: 14 Subdiv...
555789,4/22/2008,"$292,500.00 ",Quarter: NE/4 Section: 26 Township: 36 Range: 16 Subdiv...
555859,4/25/2008,"$150,000.00 ",Quarter: NW/4 Section: 35 Township: 36 Range: 16 Subdiv...
555860,4/25/2008,"$120,000.00 ",Quarter: SW/4 Section: 14 Township: 37 Range: 16
555988,4/30/2008,"$270,000.00 ",Quarter: NW/4 Section: 25 Township: 37 Range: 15
556000,4/28/2008,"$208,400.00 ",Section: 9 Township: 36 Range: 15 Subdivision: HIGHLINE...
556009,4/30/2008,"$415,000.00 ",Quarter: NW/4 Section: 32 Township: 37 Range: 14 Subdiv...
556031,5/1/2008,"$120,000.00 ",Quarter: NE/4 Section: 34 Township: 36 Range: 16
556080,5/1/2008,"$50,000.00 ",Quarter: NE/4 Section: 21 Township: 37 Range: 17 Subdiv...
556111,5/2/2008,"$90,000.00 ",Section: 6 Township: 37 Range: 16 Subdivision: SUNNYSID...
556158,5/6/2008,"$30,000.00 ",Quarter: NW/4 Section: 28 Township: 36 Range: 14 Subdiv...
556198,5/8/2008,"$33,000.00 ",Quarter: SW/4 Section: 20 Township: 36 Range: 15 Subdiv...
556211,5/9/2008,"$219,000.00 ",Quarter: SW/4 Section: 15 Township: 36 Range: 16
556223,5/9/2008,"$137,000.00 ",Section: 5 Township: 35 Range: 16 Subdivision: VALLEY V...
556288,5/14/2008,"$140,000.00 ",Quarter: NE/4 Section: 33 Township: 38 Range: 16
556297,5/14/2008,"$370,000.00 ",Quarter: SE/4 Section: 35 Township: 37 Range: 16 Subdiv...
556370,5/16/2008,"$165,000.00 ",Quarter: NE/4 Section: 24 Township: 36 Range: 16 Subdiv...
556407,5/16/2008,"$95,000.00 ",Quarter: SW/4 Section: 19 Township: 37 Range: 16 Subdiv...
556453,5/23/2008,"$400,000.00 ",Quarter: NW/4 Section: 22 Township: 36 Range: 13
556457,5/22/2008,"$96,400.00 ",Quarter: SE/4 Section: 34 Township: 37 Range: 16
556461,5/14/2008,"$250,000.00 ",Section: 6 Township: 36 Range: 15
556591,5/30/2008,"$322,500.00 ",Section: 17 Township: 37 Range: 15 Subdivision: ADAMS L...
556604,5/30/2008,"$195,000.00 ",Quarter: SE/4 Section: 27 Township: 36 Range: 16 Subdiv...
556700,5/30/2008,"$80,000.00 ",Quarter: SW/4 Section: 31 Township: 37 Range: 15 Subdiv...
556798,6/9/2008,"$335,000.00 ",Quarter: NE/4 Section: 21 Township: 37 Range: 17
556968,6/16/2008,"$299,900.00 ",Quarter: NE/4 Section: 33 Township: 36 Range: 18
557034,6/18/2008,"$120,000.00 ",Quarter: SE/4 Section: 25 Township: 38 Range: 17
557081,6/20/2008,"$78,900.00 ",Section: 9 Township: 36 Range: 16
557091,6/20/2008,"$60,000.00 ",Sixteenth: SE/4 Quarter: NE/4 Section: 31 Township: 35 R...
557137,2/18/2008,"$40,100.00 ",Quarter: NW/4 Section: 24 Township: 36 Range: 16 Subdiv...
557145,6/24/2008,"$315,000.00 ",Section: 2 Township: 36 Range: 16
557211,6/26/2008,"$219,000.00 ",Quarter: NW/4 Section: 16 Township: 36 Range: 15
557225,6/26/2008,"$196,900.00 ",Section: 13 Township: 36 Range: 17 Subdivision: FOURWIN...
557264,6/27/2008,"$165,000.00 ",Quarter: NW/4 Section: 28 Township: 36 Range: 13 Subdiv...
557266,6/27/2008,"$288,000.00 ",Quarter: NE/4 Section: 24 Township: 36 Range: 16 Subdiv...
557305,6/30/2008,"$182,000.00 ",Quarter: NW/4 Section: 35 Township: 36 Range: 16 Subdiv...
557344,7/2/2008,"$185,000.00 ",Quarter: SE/4 Section: 34 Township: 37 Range: 14
557427,7/8/2008,"$150,000.00 ",Quarter: SE/4 Section: 16 Township: 36 Range: 16
557458,7/10/2008,"$158,000.00 ",Quarter: SW/4 Section: 34 Township: 37 Range: 16 Subdiv...
557544,7/15/2008,"$225,000.00 ",Quarter: NE/4 Section: 31 Township: 37 Range: 15
557563,7/15/2008,"$305,000.00 ",Quarter: SE/4 Section: 17 Township: 36 Range: 15
557610,7/17/2008,"$45,900.00 ",Quarter: NW/4 Section: 35 Township: 36 Range: 16 Subdiv...
557611,7/17/2008,"$184,900.00 ",Quarter: NW/4 Section: 35 Township: 36 Range: 16 Subdiv...
557645,6/30/2008,"$200,000.00 ",Quarter: SW/4 Section: 12 Township: 37 Range: 15
557684,7/15/2008,"$485,000.00 ",Quarter: SW/4 Section: 31 Township: 37 Range: 16
557705,7/23/2008,"$70,000.00 ",Quarter: NE Section: 26 Township: 36 Range: 16
557726,7/23/2008,"$143,000.00 ",Quarter: NW/4 Section: 28 Township: 36 Range: 13 Subdiv...
557813,7/28/2008,"$169,000.00 ",Quarter: NW/4 Section: 25 Township: 36 Range: 16 Subdiv...
557820,7/29/2008,"$275,300.00 ",Section: 7 Township: 37 Range: 16
557879,7/30/2008,"$330,000.00 ",Sixteenth: SE Quarter: NE/4 Section: 36 Township: 36 Ran...
557883,7/30/2008,"$171,000.00 ",Quarter: NW/4 Section: 17 Township: 36 Range: 16
557886,7/31/2008,"$150,000.00 ",Quarter: SE/4 Section: 30 Township: 35 Range: 16 Subdiv...
557936,7/31/2008,"$240,000.00 ",Quarter: NE/4 Section: 21 Township: 38 Range: 17 Subdiv...
557958,7/31/2008,"$107,500.00 ",Quarter: NW/4 Section: 35 Township: 36 Range: 16 Subdiv...
557972,8/1/2008,"$232,000.00 ",Section: 1 Township: 35 Range: 16 TR IN SE1/4NW1/4 5A ...
557986,7/31/2008,"$45,000.00 ",Quarter: NW/4 Section: 13 Township: 36 Range: 17 Subdiv...
558016,8/5/2008,"$120,000.00 ",Quarter: NW/4 Section: 30 Township: 35 Range: 16 Subdiv...
558040,8/6/2008,"$138,500.00 ",Quarter: NW/4 Section: 30 Township: 36 Range: 15 Subdiv...
558077,8/7/2008,"$150,000.00 ",Quarter: SE/4 Section: 36 Township: 38 Range: 17
558098,8/8/2008,"$112,000.00 ",Quarter: NE/4 Section: 15 Township: 35 Range: 16 Subdiv...
558137,8/11/2008,"$20,000.00 ",Sixteenth: NW Quarter: SW/4 Section: 10 Township: 35 Ran...
558168,8/12/2008,"$260,000.00 ",Quarter: NE/4 Section: 16 Township: 37 Range: 15 Subdiv...
558236,8/5/2008,"$15,000.00 ",Sixteenth: SE Quarter: NW Section: 4 Township: 35 Range:...
558384,8/22/2008,"$265,000.00 ",Quarter: NE/4 Section: 10 Township: 35 Range: 16 Subdiv...
558396,7/22/2008,"$197,500.00 ",Quarter: NE/4 Section: 34 Township: 36 Range: 16
558397,8/25/2008,"$197,500.00 ",Quarter: NE/4 Section: 34 Township: 36 Range: 16
558431,8/27/2008,"$75,000.00 ",Quarter: NW/4 Section: 26 Township: 36 Range: 13
558530,8/29/2008,"$184,000.00 ",Quarter: NE/4 Section: 13 Township: 37 Range: 15 Subdiv...
558533,8/29/2008,"$155,000.00 ",Section: 8 Township: 38 Range: 17
558570,9/3/2008,"$25,000.00 ",Quarter: NW/4 Section: 15 Township: 36 Range: 16
558599,9/5/2008,"$34,200.00 ",Quarter: NE/4 Section: 34 Township: 36 Range: 16
558612,9/5/2008,"$275,000.00 ",Section: 6 Township: 36 Range: 15
558614,9/8/2008,"$300,000.00 ",Section: 7 Township: 36 Range: 15
558678,9/10/2008,"$148,000.00 ",Quarter: NE/4 Section: 26 Township: 36 Range: 16
558796,9/16/2008,"$265,000.00 ",Quarter: NW/4 Section: 21 Township: 37 Range: 16
558886,9/19/2008,"$118,000.00 ",Quarter: NW/4 Section: 35 Township: 36 Range: 16 Subdiv...
559125,9/25/2008,"$186,800.00 ",Quarter: SE/4 Section: 10 Township: 37 Range: 15 Subdiv...
559136,9/29/2008,"$215,000.00 ",Quarter: NE/4 Section: 10 Township: 35 Range: 16 Subdiv...
559141,9/29/2008,"$152,300.00 ",Quarter: SE/4 Section: 15 Township: 38 Range: 14 Subdiv...
559154,9/29/2008,"$260,000.00 ",Quarter: NE/4 Section: 15 Township: 36 Range: 13
559344,10/9/2008,"$100,000.00 ",Quarter: SW/4 Section: 26 Township: 37 Range: 15
559392,10/6/2008,"$247,900.00 ",0 Subdivision: FLYING ROGUE RANCH Lot: 13A
559607,10/22/2008,"$313,000.00 ",Quarter: NE/4 Section: 26 Township: 36 Range: 16 Subdiv...
559896,11/3/2008,"$25,000.00 ",0 Subdivision: SAN JUAN PARK Block: 10 Lot: 6
559970,11/7/2008,"$145,000.00 ",Quarter: NW/4 Section: 22 Township: 36 Range: 16
560010,11/12/2008,"$329,000.00 ",Quarter: NE/4 Section: 24 Township: 36 Range: 16 Subdiv...
560027,11/14/2008,"$254,900.00 ",Quarter: NW/4 Section: 24 Township: 37 Range: 17 Subdiv...
560213,11/25/2008,"$75,000.00 ",Section: 6 Township: 36 Range: 16
560290,11/26/2008,"$280,000.00 ",Section: 9 Township: 36 Range: 16 Subdivision: TULAROSA...
560338,12/1/2008,"$375,000.00 ",Section: 2 Township: 36 Range: 16 Subdivision: MILDRED ...
560387,12/3/2008,"$157,200.00 ",Quarter: NW/4 Section: 35 Township: 36 Range: 16 Subdiv...
560432,12/5/2008,"$150,000.00 ",Section: 8 Township: 37 Range: 16 Subdivision: CAROL EV...
560464,11/4/2008,"$90,000.00 ",Sixteenth: NE/4 Quarter: NE/4 Section: 16 Township: 37 R...
560517,12/12/2008,"$65,700.00 ",Section: 2 Township: 36 Range: 16 Subdivision: LEBANON ...
560579,12/16/2008,"$129,000.00 ",Quarter: NE/4 Section: 34 Township: 36 Range: 16 TR 100...
560600,12/18/2008,"$70,000.00 ",Quarter: NW/4 Section: 25 Township: 37 Range: 15
560602,12/19/2008,"$210,000.00 ",Quarter: NE/4 Section: 28 Township: 36 Range: 13
560627,12/19/2008,"$335,000.00 ",Section: 6 Township: 36 Range: 15
560779,12/30/2008,"$264,000.00 ",Quarter: SE/4 Section: 30 Township: 36 Range: 16 Subdiv...
560830,12/18/2008,"$40,800.00 ",Section: 1 Township: 36 Range: 15
560909,12/4/2008,"$210,000.00 ",Quarter: NE/4 Section: 17 Township: 36 Range: 16
561024,1/14/2009,"$192,000.00 ",Quarter: SE/4 Section: 34 Township: 36 Range: 16
561061,1/15/2009,"$277,500.00 ",Section: 1 Township: 36 Range: 16 Subdivision: SCHWARZK...
561141,1/16/2009,"$140,000.00 ",Quarter: NE/4 Section: 28 Township: 36 Range: 13
561191,1/22/2009,"$200,000.00 ",Section: 19 Township: 37 Range: 15
561322,2/2/2009,"$375,000.00 ",Quarter: SW/4 Section: 24 Township: 36 Range: 14
561507,9/2/2008,"$56,000.00 ",Section: 3 Township: 36 Range: 15
561537,2/9/2009,"$343,500.00 ",Quarter: SE/4 Section: 33 Township: 36 Range: 17
561578,11/13/2008,"$300,000.00 ",Quarter: SW/4 Section: 31 Township: 37 Range: 16 Subdiv...
561657,2/13/2009,"$80,000.00 ",Section: 16 Township: 37 Range: 15
561709,2/17/2009,"$125,200.00 ",Section: 5 Township: 35 Range: 16 Subdivision: VALLEY V...
561735,2/19/2009,"$258,000.00 ",Quarter: NE/4 Section: 29 Township: 36 Range: 14 Subdiv...
561832,2/23/2009,"$142,500.00 ",Quarter: NW/4 Section: 30 Township: 35 Range: 16 Subdiv...
561863,2/25/2009,"$50,000.00 ",Quarter: NW/4 Section: 11 Township: 38 Range: 18
561959,3/2/2009,"$46,000.00 ",Quarter: NW Section: 4 Township: 35 Range: 16 Subdivisi...
562104,3/6/2009,"$165,000.00 ",Section: 29 Township: 38 Range: 16
562261,3/16/2009,"$100,000.00 ",Quarter: NW/4 Section: 16 Township: 35 Range: 16
562273,3/16/2009,"$245,000.00 ",Section: 24 Township: 36 Range: 16
562327,3/20/2009,"$157,000.00 ",Section: 26 Township: 36 Range: 16
562476,3/26/2009,"$60,000.00 ",Quarter: NW/4 Section: 11 Township: 38 Range: 18
562514,3/27/2009,"$96,000.00 ",Section: 11 Township: 36 Range: 16
562536,3/30/2009,"$68,500.00 ",Quarter: NE/4 Section: 28 Township: 36 Range: 14 Subdiv...
562667,4/1/2009,"$320,000.00 ",Quarter: NW/4 Section: 28 Township: 37 Range: 14 Subdiv...
562669,3/19/2009,"$141,500.00 ",Section: 33 Township: 36 Range: 13
562762,4/6/2009,"$200,000.00 ",Quarter: NE/4 Section: 24 Township: 36 Range: 16 Subdiv...
562774,4/9/2009,"$109,000.00 ",Section: 5 Township: 35 Range: 13
562921,4/15/2009,"$217,500.00 ",Section: 8 Township: 36 Range: 16
562972,4/17/2009,"$149,900.00 ",Quarter: NW/4 Section: 35 Township: 36 Range: 16 Subdiv...
563241,4/29/2009,"$170,000.00 ",Section: 28 Township: 36 Range: 13
563380,5/4/2009,"$250,000.00 ",Quarter: NW/4 Section: 31 Township: 37 Range: 15 Subdiv...
563429,5/7/2009,"$75,000.00 ",Quarter: SW/4 Section: 36 Township: 39 Range: 14
563480,5/8/2009,"$30,000.00 ",Section: 6 Township: 38 Range: 17
563594,5/13/2009,"$45,000.00 ",Section: 26 Township: 36 Range: 16
563729,5/18/2009,"$65,000.00 ",0 Subdivision: SCHWARZKOPF ACRES 5 LOT MODERATE Lot: A
563796,5/21/2009,"$78,000.00 ",Section: 8 Township: 37 Range: 16 Subdivision: DAKOTAS ...
563863,5/22/2009,"$165,500.00 ",Quarter: NW Section: 4 Township: 35 Range: 16 Subdivisi...
563865,5/23/2009,"$55,000.00 ",Quarter: NW/4 Section: 13 Township: 36 Range: 17
563925,5/22/2009,"$295,000.00 ",Quarter: SE/4 Section: 17 Township: 38 Range: 17
563925,5/22/2009,"$295,000.00 ",Quarter: SE/4 Section: 17 Township: 38 Range: 17
563925,5/22/2009,"$295,000.00 ",Quarter: SE/4 Section: 17 Township: 38 Range: 17
563925,5/22/2009,"$295,000.00 ",Quarter: SE/4 Section: 17 Township: 38 Range: 17
564050,6/1/2009,"$299,800.00 ",Quarter: NE/4 Section: 26 Township: 36 Range: 16 Subdiv...
564153,6/4/2009,"$111,000.00 ",Quarter: NE/4 Section: 20 Township: 37 Range: 15 Subdiv...
564571,6/23/2009,"$56,500.00 ",Quarter: NW/4 Section: 28 Township: 36 Range: 13 Subdiv...
564611,6/26/2009,"$96,000.00 ",Quarter: NW/4 Section: 26 Township: 36 Range: 16 Subdiv...
564616,6/26/2009,"$72,000.00 ",Quarter: NE/4 Section: 15 Township: 36 Range: 16 Subdiv...
564826,7/1/2009,"$69,900.00 ",Quarter: NE/4 Section: 24 Township: 36 Range: 16 Subdiv...
564843,6/30/2009,"$250,000.00 ",Section: 9 Township: 36 Range: 15 Subdivision: HIGHLINE...
564888,7/6/2009,"$121,500.00 ",Section: 9 Township: 36 Range: 15 Subdivision: HIGHLINE...
564986,7/10/2009,"$250,000.00 ",Section: 5 Township: 35 Range: 16 Subdivision: VALLEY V...
565083,7/14/2009,"$350,000.00 ",Quarter: NE/4 Section: 27 Township: 39 Range: 18
565165,7/16/2009,"$147,500.00 ",Quarter: SW/4 Section: 19 Township: 36 Range: 15
565166,7/17/2009,"$300,000.00 ",Quarter: NW/4 Section: 13 Township: 36 Range: 13
565223,7/17/2009,"$430,000.00 ",Quarter: NW/4 Section: 27 Township: 36 Range: 14 Subdiv...
565323,7/23/2009,"$162,400.00 ",Quarter: NW/4 Section: 30 Township: 36 Range: 15
565477,7/29/2009,"$80,000.00 ",Quarter: SE/4 Section: 15 Township: 36 Range: 16
565484,7/30/2009,"$260,000.00 ",Section: 1 Township: 34 Range: 17
565488,7/30/2009,"$200,000.00 ",Quarter: SE/4 Section: 34 Township: 37 Range: 14
565489,7/30/2009,"$245,000.00 ",Quarter: NE/4 Section: 26 Township: 36 Range: 16 Subdiv...
565511,7/31/2009,"$162,400.00 ",Section: 26 Township: 36 Range: 16
565836,8/11/2009,"$175,000.00 ",Section: 1 Township: 36 Range: 14 Subdivision: SHILO Lo...
565865,8/14/2009,"$225,000.00 ",Quarter: SW/4 Section: 28 Township: 36 Range: 13 Subdiv...
566019,8/19/2009,"$160,800.00 ",Section: 10 Township: 36 Range: 13
566333,8/28/2009,"$100,000.00 ",Section: 3 Township: 35 Range: 16
566340,9/4/2009,"$169,000.00 ",Section: 7 Township: 37 Range: 16
566445,9/10/2009,"$215,000.00 ",Section: 36 Township: 37 Range: 16
566617,9/18/2009,"$255,000.00 ",Quarter: NW/4 Section: 25 Township: 37 Range: 15
566697,9/21/2009,"$125,000.00 ",Section: 26 Township: 36 Range: 16
566858,9/29/2009,"$75,000.00 ",Quarter: NW/4 Section: 13 Township: 36 Range: 14
566880,9/25/2009,"$123,000.00 ",Quarter: NW/4 Section: 35 Township: 36 Range: 16 Subdiv...
566894,9/30/2009,"$125,000.00 ",0 Subdivision: WEST FORK RANCH CABIN SITES Tract: 17
566901,9/25/2009,"$115,000.00 ",Quarter: NW/4 Section: 24 Township: 37 Range: 17
566926,9/28/2009,"$260,000.00 ",Section: 4 Township: 36 Range: 16
567027,10/7/2009,"$30,000.00 ",Quarter: SW Section: 3 Township: 38 Range: 17 Subdivisi...
567067,10/8/2009,"$242,500.00 ",Quarter: SW/4 Section: 18 Township: 36 Range: 15 Subdiv...
567133,10/13/2009,"$159,100.00 ",Section: 34 Township: 36 Range: 18
567167,10/14/2009,"$110,000.00 ",Quarter: SE/4 Section: 27 Township: 36 Range: 16 Subdiv...
567215,10/15/2009,"$350,000.00 ",Section: 5 Township: 35 Range: 15
567244,10/19/2009,"$246,000.00 ",Quarter: SW/4 Section: 35 Township: 37 Range: 16
567269,10/20/2009,"$83,600.00 ",Quarter: NE/4 Section: 16 Township: 36 Range: 16
567370,10/26/2009,"$382,500.00 ",Section: 2 Township: 36 Range: 16 Subdivision: MILDRED ...
567385,10/23/2009,"$197,000.00 ",Quarter: SE/4 Section: 34 Township: 37 Range: 14
567429,10/29/2009,"$140,000.00 ",Section: 16 Township: 37 Range: 16
567553,11/3/2009,"$91,000.00 ",Section: 1 Township: 36 Range: 14 Subdivision: LONE PIN...
567617,11/9/2009,"$350,000.00 ",Sixteenth: SE Quarter: NW Section: 17 Township: 37 Range...
567774,11/17/2009,"$195,000.00 ",Section: 9 Township: 36 Range: 15
567860,11/20/2009,"$62,500.00 ",Quarter: NE/4 Section: 33 Township: 37 Range: 14 Subdiv...
567892,11/20/2009,"$151,900.00 ",Section: 10 Township: 35 Range: 16 TR SE1/4SE1/4 3.04A ...
567934,11/25/2009,"$133,500.00 ",Quarter: SW/4 Section: 35 Township: 37 Range: 16
567937,11/25/2009,"$161,400.00 ",Quarter: SW Section: 3 Township: 38 Range: 17 Subdivisi...
568019,12/2/2009,"$387,000.00 ",Section: 2 Township: 36 Range: 16 Subdivision: LEBANON ...
568038,12/2/2009,"$60,000.00 ",Quarter: NW/4 Section: 35 Township: 36 Range: 16
568038,12/2/2009,"$60,000.00 ",Quarter: NW/4 Section: 35 Township: 36 Range: 16
568038,12/2/2009,"$60,000.00 ",Quarter: NW/4 Section: 35 Township: 36 Range: 16
568038,12/2/2009,"$60,000.00 ",Quarter: NW/4 Section: 35 Township: 36 Range: 16
568038,12/2/2009,"$60,000.00 ",Quarter: NW/4 Section: 35 Township: 36 Range: 16
568038,12/2/2009,"$60,000.00 ",Quarter: NW/4 Section: 35 Township: 36 Range: 16
568038,12/2/2009,"$60,000.00 ",Quarter: NW/4 Section: 35 Township: 36 Range: 16
568038,12/2/2009,"$60,000.00 ",Quarter: NW/4 Section: 35 Township: 36 Range: 16
568038,12/2/2009,"$60,000.00 ",Quarter: NW/4 Section: 35 Township: 36 Range: 16
568044,11/19/2009,"$83,600.00 ",Quarter: NE/4 Section: 16 Township: 36 Range: 16
568072,12/7/2009,"$300,000.00 ",Quarter: SW/4 Section: 22 Township: 36 Range: 14 Subdiv...
568136,12/3/2009,"$132,000.00 ",Quarter: NE/4 Section: 33 Township: 37 Range: 14 Subdiv...
568160,11/6/2009,"$90,000.00 ",Section: 7 Township: 35 Range: 16 Subdivision: SAGE HIL...
568189,12/11/2009,"$145,000.00 ",Quarter: SW/4 Section: 10 Township: 37 Range: 16
568293,12/14/2009,"$90,000.00 ",Section: 6 Township: 36 Range: 13
568342,12/18/2009,"$269,000.00 ",Quarter: SW/4 Section: 31 Township: 37 Range: 16
568347,11/11/2009,"$175,000.00 ",Quarter: SW/4 Section: 19 Township: 37 Range: 16 Subdiv...
568351,12/17/2009,"$140,000.00 ",Quarter: NE/4 Section: 19 Township: 39 Range: 17
568361,12/18/2009,"$228,500.00 ",Quarter: SE/4 Section: 34 Township: 37 Range: 14
568418,12/23/2009,"$200,000.00 ",Section: 6 Township: 37 Range: 16 Subdivision: SUNNYSID...
568510,12/22/2009,"$91,000.00 ",Section: 1 Township: 36 Range: 14 Subdivision: LONE PIN...
568649,1/8/2010,"$169,000.00 ",0 Subdivision: LEBANON TOWNSITE Block: 24 Lot: 1-4
568724,1/13/2010,"$70,000.00 ",Quarter: NE/4 Section: 31 Township: 35 Range: 16
568778,1/14/2010,"$199,000.00 ",Section: 7 Township: 36 Range: 15
568823,1/19/2010,"$35,000.00 ",Quarter: SW/4 Section: 11 Township: 35 Range: 16
569112,2/8/2010,"$165,000.00 ",Quarter: SE/4 Section: 10 Township: 37 Range: 15 Subdiv...
569136,2/10/2010,"$470,000.00 ",Quarter: SW/4 Section: 31 Township: 37 Range: 16
569271,2/12/2010,"$175,000.00 ",Quarter: SE/4 Section: 30 Township: 36 Range: 13
569332,2/19/2010,"$55,000.00 ",Quarter: SE/4 Section: 26 Township: 39 Range: 17 Subdiv...
569408,2/25/2010,"$223,500.00 ",Quarter: NW/4 Section: 30 Township: 36 Range: 15 Subdiv...
569440,2/26/2010,"$210,000.00 ",Quarter: NW/4 Section: 11 Township: 36 Range: 16
569477,3/2/2010,"$390,000.00 ",Quarter: NE/4 Section: 24 Township: 36 Range: 16 Subdiv...
569697,3/18/2010,"$139,900.00 ",Quarter: NE/4 Section: 16 Township: 37 Range: 15 Subdiv...
569741,3/19/2010,"$139,900.00 ",Quarter: NW/4 Section: 35 Township: 36 Range: 16 Subdiv...
569910,3/26/2010,"$160,000.00 ",Section: 26 Township: 36 Range: 16
569977,3/26/2010,"$185,000.00 ",Subdivision: GEORGE BAUERS (FIRST & SECOND) Lot: 1 Block...
569983,3/31/2010,"$220,000.00 ",Quarter: SW/4 Section: 14 Township: 36 Range: 16
570093,3/26/2010,"$255,000.00 ",Section: 9 Township: 36 Range: 16 Subdivision: TULAROSA...
570132,4/8/2010,"$62,500.00 ",Quarter: NW/4 Section: 22 Township: 36 Range: 16
570187,4/12/2010,"$280,000.00 ",Section: 2 Township: 36 Range: 16 Subdivision: MILDRED ...
570223,4/13/2010,"$325,000.00 ",Section: 2 Township: 36 Range: 16 Subdivision: MILDRED ...
570263,4/15/2010,"$238,500.00 ",Quarter: NE/4 Section: 26 Township: 36 Range: 16 Subdiv...
570280,4/16/2010,"$135,500.00 ",Quarter: NW/4 Section: 15 Township: 36 Range: 16
570313,4/21/2010,"$45,000.00 ",Quarter: SW/4 Section: 33 Township: 36 Range: 15 Subdiv...
570429,4/23/2010,"$175,000.00 ",Quarter: NE/4 Section: 17 Township: 36 Range: 15
570486,4/28/2010,"$325,000.00 ",Quarter: NW/4 Section: 20 Township: 35 Range: 16
570532,4/30/2010,"$165,000.00 ",Quarter: NW/4 Section: 24 Township: 36 Range: 16 Subdiv...
570540,4/30/2010,"$157,500.00 ",Quarter: NW/4 Section: 35 Township: 36 Range: 16 Subdiv...
570554,5/1/2010,"$30,000.00 ",Sixteenth: NW Quarter: SW/4 Section: 10 Township: 35 Ran...
570584,4/30/2010,"$306,000.00 ",Quarter: NE/4 Section: 36 Township: 36 Range: 16
570598,5/4/2010,"$200,000.00 ",Section: 9 Township: 36 Range: 13
570640,5/6/2010,"$75,000.00 ",Section: 1 Township: 36 Range: 14
570782,5/14/2010,"$349,900.00 ",Quarter: NE/4 Section: 20 Township: 36 Range: 16
570785,5/14/2010,"$38,000.00 ",Quarter: SW Section: 33 Township: 36 Range: 15 Subdivis...
570792,5/14/2010,"$150,000.00 ",Sixteenth: NW Quarter: NW Section: 35 Township: 36 Range...
570863,5/17/2010,"$265,000.00 ",Quarter: SE/4 Section: 29 Township: 36 Range: 13 Subdiv...
570865,5/17/2010,"$234,200.00 ",Quarter: NE/4 Section: 24 Township: 36 Range: 16 Subdiv...
571031,5/27/2010,"$182,700.00 ",Section: 34 Township: 36 Range: 18
571039,5/27/2010,"$90,000.00 ",Quarter: SW/4 Section: 18 Township: 36 Range: 15 Subdiv...
571050,4/30/2010,"$198,000.00 ",Quarter: NE Section: 30 Township: 38 Range: 17 Subdivis...
571060,6/1/2010,"$100,000.00 ",Quarter: SW/4 Section: 18 Township: 36 Range: 15 Subdiv...
571131,5/27/2010,"$157,000.00 ",Section: 9 Township: 36 Range: 15 Subdivision: NOLAND P...
571202,6/10/2010,"$64,500.00 ",Quarter: NW/4 Section: 35 Township: 36 Range: 16 Subdiv...
571290,6/15/2010,"$55,900.00 ",Quarter: SW Section: 15 Township: 36 Range: 15 Subdivis...
571403,6/21/2010,"$150,000.00 ",Section: 27 Township: 37 Range: 14 Subdivision: SUMMIT ...
571438,6/4/2010,"$86,900.00 ",Quarter: NW/4 Section: 28 Township: 37 Range: 14 Subdiv...
571470,6/24/2010,"$110,000.00 ",Quarter: SW/4 Section: 34 Township: 36 Range: 15
571482,6/24/2010,"$285,000.00 ",Section: 5 Township: 35 Range: 13
571535,6/28/2010,"$200,000.00 ",Subdivision: UTE MOUNTAIN RANCHES Lot: 11 Quarter: NW/4...
571596,6/30/2010,"$145,700.00 ",Quarter: NW/4 Section: 35 Township: 36 Range: 16 Subdiv...
571663,7/7/2010,"$239,500.00 ",Quarter: SE/4 Section: 17 Township: 36 Range: 15
571856,7/15/2010,"$158,000.00 ",Quarter: NW/4 Section: 35 Township: 36 Range: 16 Subdiv...
571861,7/16/2010,"$165,000.00 ",Section: 7 Township: 37 Range: 15 Subdivision: WINGSPRE...
571864,7/16/2010,"$154,000.00 ",Quarter: SW/4 Section: 33 Township: 36 Range: 15 Subdiv...
571867,7/16/2010,"$140,000.00 ",Quarter: NW/4 Section: 32 Township: 37 Range: 16
571959,7/23/2010,"$55,000.00 ",Section: 2 Township: 353 Range: 14
571985,7/26/2010,"$64,000.00 ",Quarter: NW/4 Section: 35 Township: 36 Range: 16 Subdiv...
572036,7/23/2010,"$49,800.00 ",Section: 1 Township: 37 Range: 16 Subdivision: HILLTOP ...
572042,7/23/2010,"$99,800.00 ",Section: 12 Township: 37 Range: 16 Subdivision: HOMESTE...
572042,7/23/2010,"$99,800.00 ",Section: 12 Township: 37 Range: 16 Subdivision: HOMESTE...
572042,7/23/2010,"$99,800.00 ",Section: 12 Township: 37 Range: 16 Subdivision: HOMESTE...
572042,7/23/2010,"$99,800.00 ",Section: 12 Township: 37 Range: 16 Subdivision: HOMESTE...
572074,7/29/2010,"$259,000.00 ",Quarter: SW/4 Section: 10 Township: 37 Range: 15 Subdiv...
572163,8/3/2010,"$190,000.00 ",Quarter: SE/4 Section: 36 Township: 37 Range: 17 Subdiv...
572180,8/4/2010,"$445,000.00 ",Quarter: SW/4 Section: 31 Township: 37 Range: 16 Subdiv...
572218,8/6/2010,"$320,000.00 ",Quarter: SW/4 Section: 33 Township: 39 Range: 18
572251,7/20/2010,"$20,000.00 ",Quarter: NW/4 Section: 15 Township: 35 Range: 16
572463,8/17/2010,"$184,000.00 ",Quarter: SE/4 Section: 34 Township: 37 Range: 14
572496,8/17/2010,"$56,500.00 ",Quarter: NW/4 Section: 18 Township: 35 Range: 16 Subdiv...
572506,8/20/2010,"$250,000.00 ",Section: 20 Township: 37 Range: 15 Subdivision: MOUNTAI...
572542,8/23/2010,"$118,000.00 ",Section: 5 Township: 36 Range: 16 Subdivision: STACY MO...
572564,8/20/2010,"$40,000.00 ",0 Subdivision: HIGHLAND TERRACE #2 Lot: 12
572675,8/30/2010,"$51,100.00 ",Quarter: NW/4 Section: 33 Township: 37 Range: 15
572701,8/26/2010,"$310,000.00 ",Quarter: SE/4 Section: 11 Township: 37 Range: 15
572708,9/1/2010,"$460,000.00 ",Subdivision: WINGSPREAD Lot: 7 Block: 1 S: 7 T: 37 R: 1...
572770,9/2/2010,"$385,000.00 ",Tract: 39 Section: 4 Township: 38 Range: 12
572798,9/8/2010,"$100,000.00 ",0 Subdivision: FLYING ROGUE RANCH Lot: 13A
572808,9/8/2010,"$150,000.00 ",Section: 26 Township: 36 Range: 16
572850,9/10/2010,"$125,000.00 ",Sixteenth: SE Quarter: SE Section: 3 Township: 35 Range:...
572872,8/31/2010,"$80,500.00 ",Section: 4 Township: 35 Range: 16
573010,9/21/2010,"$160,100.00 ",Quarter: NE/4 Section: 33 Township: 37 Range: 14 Subdiv...
573156,9/30/2010,"$148,000.00 ",Quarter: SW/4 Section: 12 Township: 36 Range: 13
573337,10/13/2010,"$155,000.00 ",Quarter: NW/4 Section: 28 Township: 36 Range: 14 Subdiv...
573370,10/14/2010,"$21,000.00 ",Quarter: NE/4 Section: 24 Township: 36 Range: 16 Subdiv...
573444,10/19/2010,"$58,000.00 ",Section: 12 Township: 36 Range: 13
573506,10/22/2010,"$55,000.00 ",Section: 12 Township: 36 Range: 18
573553,10/26/2010,"$236,000.00 ",Quarter: SW/4 Section: 33 Township: 36 Range: 15 Subdiv...
573572,10/27/2010,"$150,000.00 ",Quarter: SW/4 Section: 33 Township: 36 Range: 17 Subdiv...
573810,11/8/2010,"$41,000.00 ",Subdivision: UTE MOUNTAIN RANCHES Lot: 7 (STATE OWNS AL...
574000,11/19/2010,"$270,000.00 ",Quarter: SE/4 Section: 24 Township: 36 Range: 16 Subdiv...
574013,11/22/2010,"$275,000.00 ",Subdivision: VISTAS (THE) BLOCK: 2 LOT: 2 S: 12 T: 37...
574069,11/24/2010,"$210,000.00 ",Quarter: NW/4 Section: 31 Township: 37 Range: 15 Subdiv...
574197,12/3/2010,"$160,000.00 ",Section: 22 Township: 37 Range: 16
574282,12/8/2010,"$168,000.00 ",Section: 24 Township: 36 Range: 16 Subdivision: MONTEZU...
574298,12/9/2010,"$24,900.00 ",Quarter: NW/4 Section: 35 Township: 36 Range: 16 Subdiv...
574333,12/9/2010,"$275,000.00 ",Quarter: NE/4 Section: 34 Township: 36 Range: 13
574357,12/13/2010,"$17,100.00 ",Quarter: NW/4 Section: 20 Township: 37 Range: 15
574390,12/15/2010,"$450,000.00 ",Subdivision: INDIAN CAMP RANCH Lot: 7 35.44A - (MC161...
574494,12/22/2010,"$150,000.00 ",Section: 13 Township: 36 Range: 17
574526,12/1/2010,"$153,000.00 ",Section: 32 Township: 37 Range: 15
574609,12/30/2010,"$280,000.00 ",Quarter: NW/4 Section: 28 Township: 36 Range: 14 Subdiv...
574724,12/30/2010,"$179,900.00 ",Section: 21 Township: 36 Range: 13
574727,12/23/2010,"$103,000.00 ",Quarter: SE/4 Section: 34 Township: 37 Range: 14
574736,1/4/2011,"$45,000.00 ",Section: 24 Township: 36 Range: 16 Subdivision: VENTERS...
574736,1/4/2011,"$45,000.00 ",Section: 24 Township: 36 Range: 16 Subdivision: VENTERS...
574736,1/4/2011,"$45,000.00 ",Section: 24 Township: 36 Range: 16 Subdivision: VENTERS...
574736,1/4/2011,"$45,000.00 ",Section: 24 Township: 36 Range: 16 Subdivision: VENTERS...
574736,1/4/2011,"$45,000.00 ",Section: 24 Township: 36 Range: 16 Subdivision: VENTERS...
574736,1/4/2011,"$45,000.00 ",Section: 24 Township: 36 Range: 16 Subdivision: VENTERS...
574736,1/4/2011,"$45,000.00 ",Section: 24 Township: 36 Range: 16 Subdivision: VENTERS...
574736,1/4/2011,"$45,000.00 ",Section: 24 Township: 36 Range: 16 Subdivision: VENTERS...
574736,1/4/2011,"$45,000.00 ",Section: 24 Township: 36 Range: 16 Subdivision: VENTERS...
574882,12/28/2010,"$140,000.00 ",Quarter: NW/4 Section: 13 Township: 36 Range: 14
574913,1/14/2011,"$270,000.00 ",Quarter: SW/4 Section: 16 Township: 35 Range: 16
574916,1/14/2011,"$33,000.00 ",Quarter: NW/4 Section: 15 Township: 35 Range: 16
574932,1/18/2011,"$300,000.00 ",Quarter: SW/4 Section: 18 Township: 36 Range: 15 Subdiv...
574986,1/20/2011,"$220,000.00 ",Section: 2 Township: 35 Range: 16 Subdivision: MESA SKY...
574990,1/21/2011,"$88,000.00 ",Section: 1 Township: 37 Range: 16 Subdivision: HILLTOP ...
575103,1/28/2011,"$184,800.00 ",Section: 2 Township: 36 Range: 16 Subdivision: MONTEZUM...
575104,1/28/2011,"$145,000.00 ",Section: 2 Township: 36 Range: 16 Subdivision: MONTEZUM...
575130,1/31/2011,"$225,000.00 ",Quarter: NW/4 Section: 12 Township: 36 Range: 15
575430,2/22/2011,"$140,000.00 ",Quarter: NE/4 Section: 27 Township: 37 Range: 16
575454,1/27/2011,"$115,000.00 ",Section: 6 Township: 37 Range: 16 Subdivision: SUNNYSID...
575499,2/23/2011,"$280,000.00 ",Section: 32 Township: 37 Range: 14 Subdivision: SUMMIT ...
575513,2/28/2011,"$380,000.00 ",Quarter: SE/4 Section: 22 Township: 36 Range: 16
575600,3/3/2011,"$289,900.00 ",Quarter: NE Section: 3 Township: 37 Range: 15
575648,3/8/2011,"$215,000.00 ",Quarter: NW/4 Section: 17 Township: 36 Range: 16
575724,3/11/2011,"$50,000.00 ",Quarter: NE/4 Section: 18 Township: 35 Range: 16 Subdiv...
575752,3/14/2011,"$330,000.00 ",Section: 7 Township: 37 Range: 15 Subdivision: WINGSPRE...
575754,3/14/2011,"$314,600.00 ",Quarter: SW/4 Section: 36 Township: 39 Range: 14
575863,3/17/2011,"$136,900.00 ",Quarter: NW/4 Section: 24 Township: 36 Range: 16 Subdiv...
575996,3/30/2011,"$200,000.00 ",Quarter: NW/4 Section: 16 Township: 36 Range: 15 Subdiv...
576188,4/5/2011,"$83,000.00 ",Quarter: SE/4 Section: 21 Township: 36 Range: 13
576239,4/10/2011,"$9,500.00 ",Section: 1 Township: 38 Range: 19
576240,4/6/2011,"$9,500.00 ",Section: 1 Township: 38 Range: 19
576243,4/14/2011,"$140,000.00 ",Section: 26 Township: 36 Range: 16
576263,4/15/2011,"$159,900.00 ",Quarter: NE/4 Section: 30 Township: 37 Range: 16 Subdiv...
576377,4/25/2011,"$261,000.00 ",Quarter: NE/4 Section: 11 Township: 37 Range: 16 Subdiv...
576408,4/27/2011,"$129,000.00 ",Subdivision: GEORGE BAUERS (FIRST & SECOND) Lot: 4 Block...
576521,4/27/2011,"$58,000.00 ",Quarter: SE/4 Section: 12 Township: 36 Range: 16 Subdiv...
576744,5/13/2011,"$60,000.00 ",Section: 35 Township: 36 Range: 16 S1/2SE1/4SE1/4SW1/4N...
576747,5/13/2011,"$166,000.00 ",Section: 7 Township: 35 Range: 16 Subdivision: SAGE HIL...
576791,5/13/2011,"$240,000.00 ",Quarter: SE/4 Section: 29 Township: 36 Range: 13 Subdiv...
576896,5/25/2011,"$285,000.00 ",Quarter: SW/4 Section: 10 Township: 37 Range: 15 Subdiv...
576901,5/25/2011,"$117,000.00 ",Section: 26 Township: 36 Range: 16
576910,5/26/2011,"$123,000.00 ",Quarter: NW/4 Section: 26 Township: 36 Range: 16 Subdiv...
576955,5/31/2011,"$327,000.00 ",Section: 6 Township: 36 Range: 15 Subdivision: SUNSET E...
577021,6/2/2011,"$230,000.00 ",Quarter: NW/4 Section: 31 Township: 37 Range: 15 Subdiv...
577106,5/26/2011,"$250,000.00 ",Quarter: SE/4 Section: 16 Township: 36 Range: 16
577109,6/8/2011,"$83,000.00 ",Quarter: SW/4 Section: 14 Township: 36 Range: 16
577192,6/13/2011,"$215,000.00 ",Quarter: NW/4 Section: 14 Township: 36 Range: 16
577210,6/13/2011,"$80,000.00 ",Quarter: SW/4 Section: 22 Township: 38 Range: 18
577211,6/13/2011,"$160,000.00 ",Quarter: SW/4 Section: 22 Township: 38 Range: 18
577281,6/17/2011,"$125,000.00 ",Section: 18 Township: 37 Range: 15 Subdivision: RUSTIC ...
577432,5/9/2011,"$169,900.00 ",Quarter: SE/4 Section: 36 Township: 36 Range: 16 Subdiv...
577450,6/27/2011,"$42,000.00 ",Quarter: NE/4 Section: 28 Township: 36 Range: 14 Subdiv...
577506,6/24/2011,"$225,000.00 ",Sixteenth: SE Quarter: NW Section: 4 Township: 35 Range:...
577555,7/5/2011,"$175,000.00 ",Section: 7 Township: 35 Range: 16
577609,7/15/2011,"$207,000.00 ",Section: 3 Township: 36 Range: 17
577705,7/14/2011,"$270,000.00 ",Quarter: SW/4 Section: 11 Township: 37 Range: 15
577724,7/15/2011,"$225,000.00 ",Section: 24 Township: 36 Range: 16 Subdivision: BARRETT...
577822,6/1/2011,"$259,555.00 ",Quarter: SE/4 Section: 17 Township: 36 Range: 15
577837,7/9/2011,"$150,000.00 ",Section: 8 Township: 36 Range: 16
577874,7/19/2011,"$35,000.00 ",Section: 27 Township: 37 Range: 14 Subdivision: SUMMIT ...
577884,7/25/2011,"$81,000.00 ",Section: 3 Township: 37 Range: 16 Subdivision: PINON HI...
577918,7/26/2011,"$179,900.00 ",Quarter: SW/4 Section: 17 Township: 36 Range: 14
577929,6/28/2011,"$57,000.00 ",Quarter: NW/4 Section: 20 Township: 35 Range: 16
577934,7/27/2011,"$300,000.00 ",Quarter: SW/4 Section: 31 Township: 37 Range: 16 Subdiv...
577998,7/29/2011,"$179,000.00 ",Section: 6 Township: 36 Range: 15
578045,8/2/2011,"$30,000.00 ",Quarter: NW/4 Section: 25 Township: 36 Range: 15 Subdiv...
578206,8/3/2011,"$150,000.00 ",Quarter: SE/4 Section: 29 Township: 36 Range: 13 Subdiv...
578248,8/17/2011,"$182,000.00 ",Quarter: NE/4 Section: 36 Township: 37 Range: 15 Subdiv...
578275,8/16/2011,"$92,000.00 ",Quarter: NW/4 Section: 35 Township: 36 Range: 16 Subdiv...
578277,8/18/2011,"$219,000.00 ",Section: 1 Township: 36 Range: 14 Subdivision: SHILO Lo...
578345,7/24/2011,"$164,000.00 ",Section: 8 Township: 36 Range: 16
578351,8/23/2011,"$140,000.00 ",Section: 31 Township: 36 Range: 13
578400,8/26/2011,"$220,000.00 ",Quarter: SW/4 Section: 28 Township: 38 Range: 16
578407,8/26/2011,"$73,500.00 ",Quarter: NE/4 Section: 26 Township: 36 Range: 16
578407,8/26/2011,"$73,500.00 ",Quarter: NE/4 Section: 26 Township: 36 Range: 16
578407,8/26/2011,"$73,500.00 ",Quarter: NE/4 Section: 26 Township: 36 Range: 16
578407,8/26/2011,"$73,500.00 ",Quarter: NE/4 Section: 26 Township: 36 Range: 16
578430,8/25/2011,"$310,000.00 ",Section: 8 Township: 36 Range: 13 Subdivision: OAKVIEW ...
578451,8/22/2011,"$210,000.00 ",Quarter: NW/4 Section: 31 Township: 37 Range: 15 Subdiv...
578489,8/31/2011,"$450,000.00 ",Section: 25 Township: 37 Range: 17
578524,9/2/2011,"$325,000.00 ",Quarter: NW/4 Section: 36 Township: 39 Range: 14
578529,8/26/2011,"$200,000.00 ",Sixteenth: NE/4 Quarter: SE/4 Section: 31 Township: 37 R...
578664,9/13/2011,"$110,000.00 ",Quarter: SW/4 Section: 10 Township: 37 Range: 15 Subdiv...
578672,9/9/2011,"$139,900.00 ",Section: 26 Township: 36 Range: 16
578755,9/20/2011,"$250,000.00 ",Section: 6 Township: 36 Range: 15
578764,9/6/2011,"$49,000.00 ",Section: 5 Township: 35 Range: 16 Subdivision: VALLEY V...
578779,8/26/2011,"$120,000.00 ",Quarter: SE/4 Section: 24 Township: 35 Range: 17
578826,9/23/2011,"$180,000.00 ",Quarter: NW/4 Section: 13 Township: 37 Range: 16
578831,9/12/2011,"$115,000.00 ",Section: 6 Township: 37 Range: 16 Subdivision: OLD MINE...
578924,8/16/2011,"$105,000.00 ",Quarter: SE/4 Section: 14 Township: 37 Range: 16 Subdiv...
578954,10/3/2011,"$12,000.00 ",Quarter: SW Section: 9 Township: 36 Range: 13
579146,10/14/2011,"$154,000.00 ",Quarter: SE/4 Section: 16 Township: 37 Range: 15 Subdiv...
579209,10/17/2011,"$125,000.00 ",Quarter: SE/4 Section: 27 Township: 36 Range: 16 Subdiv...
579241,10/10/2011,"$210,000.00 ",Quarter: SE/4 Section: 15 Township: 37 Range: 16
579286,10/21/2011,"$196,500.00 ",Section: 26 Township: 36 Range: 16
579290,10/21/2011,"$165,000.00 ",Quarter: NE/4 Section: 24 Township: 36 Range: 14 Subdiv...
579304,10/21/2011,"$198,000.00 ",Quarter: SE/4 Section: 17 Township: 36 Range: 15
579375,10/26/2011,"$175,000.00 ",Quarter: NW/4 Section: 22 Township: 37 Range: 16
579403,10/28/2011,"$127,000.00 ",Quarter: SW/4 Section: 32 Township: 37 Range: 14 Quarter...
579425,10/17/2011,"$65,000.00 ",Quarter: SW/4 Section: 16 Township: 35 Range: 16
579442,10/28/2011,"$110,000.00 ",Quarter: SW/4 Section: 32 Township: 37 Range: 14 Quarter...
579498,11/2/2011,"$240,000.00 ",Quarter: NW/4 Section: 32 Township: 35 Range: 16
579506,11/1/2011,"$98,000.00 ",Quarter: NE/4 Section: 18 Township: 35 Range: 16 Subdiv...
579558,11/7/2011,"$283,500.00 ",Quarter: NE/4 Section: 25 Township: 37 Range: 17
579567,11/7/2011,"$92,500.00 ",Section: 26 Township: 36 Range: 16
579622,11/10/2011,"$85,000.00 ",Quarter: NE/4 Section: 11 Township: 38 Range: 18
579626,11/8/2011,"$48,000.00 ",Quarter: SW/4 Section: 15 Township: 36 Range: 16
579633,11/14/2011,"$185,000.00 ",Quarter: NE/4 Section: 29 Township: 37 Range: 14
579760,11/21/2011,"$94,000.00 ",Quarter: SW/4 Section: 23 Township: 37 Range: 15
579957,12/1/2011,"$50,000.00 ",Section: 7 Township: 35 Range: 16 Subdivision: SAGE HIL...
580078,12/12/2011,"$93,000.00 ",Quarter: SW/4 Section: 11 Township: 36 Range: 16
580126,12/14/2011,"$101,000.00 ",Quarter: SW/4 Section: 28 Township: 36 Range: 13
580145,11/14/2011,"$51,000.00 ",Quarter: NW/4 Section: 21 Township: 38 Range: 17
580185,12/19/2011,"$139,000.00 ",Quarter: SE/4 Section: 28 Township: 37 Range: 14
580258,12/7/2011,"$120,200.00 ",Sixteenth: NW Quarter: NW Section: 9 Township: 35 Range:...
580265,12/22/2011,"$117,000.00 ",Section: 26 Township: 36 Range: 16
580269,12/19/2011,"$85,000.00 ",Quarter: SE/4 Section: 34 Township: 37 Range: 14
580361,11/1/2011,"$110,000.00 ",Section: 5 Township: 35 Range: 16 Subdivision: VALLEY V...
580382,1/3/2012,"$85,000.00 ",Quarter: SE Section: 29 Township: 36 Range: 13
580392,1/2/2012,"$30,000.00 ",Quarter: NE/4 Section: 23 Township: 36 Range: 16
580432,1/6/2012,"$195,000.00 ",Quarter: NW/4 Section: 15 Township: 36 Range: 15
580750,1/25/2012,"$96,000.00 ",Quarter: SE/4 Section: 34 Township: 37 Range: 16
580778,1/27/2012,"$55,000.00 ",Section: 29 Township: 36 Range: 13
580820,1/31/2012,"$361,300.00 ",Section: 4 Township: 36 Range: 14 Subdivision: SUMMIT L...
580879,2/3/2012,"$325,000.00 ",Section: 2 Township: 36 Range: 16 Subdivision: MILDRED ...
581059,2/15/2012,"$52,500.00 ",Section: 2 Township: 37 Range: 17
581060,1/27/2012,"$75,000.00 ",Section: 21 Township: 36 Range: 16 Subdivision: CRESTVI...
581061,2/6/2012,"$350,000.00 ",Section: 21 Township: 36 Range: 16 Subdivision: CRESTVI...
581094,2/15/2012,"$110,000.00 ",Section: 26 Township: 36 Range: 16
581136,2/15/2012,"$165,000.00 ",Quarter: NE/4 Section: 24 Township: 36 Range: 16 Subdiv...
581168,2/18/2012,"$229,000.00 ",Quarter: NW/4 Section: 25 Township: 36 Range: 15
581215,2/24/2012,"$197,500.00 ",Section: 9 Township: 35 Range: 16
581255,2/24/2012,"$100,000.00 ",Quarter: SW/4 Section: 31 Township: 37 Range: 14 Section...
581328,1/24/2012,"$70,900.00 ",Quarter: SW/4 Section: 32 Township: 39 Range: 13
581496,3/2/2012,"$70,700.00 ",Section: 21 Township: 36 Range: 13
581663,3/13/2012,"$249,900.00 ",Section: 2 Township: 36 Range: 16 Subdivision: MILDRED ...
581676,3/13/2012,"$20,000.00 ",Section: 24 Township: 35 Range: 17 Subdivision: COY GRA...
581701,3/19/2012,"$138,900.00 ",Quarter: NW/4 Section: 28 Township: 36 Range: 13 Subdiv...
581776,3/16/2012,"$87,000.00 ",Quarter: NE/4 Section: 26 Township: 36 Range: 16
581832,3/23/2012,"$340,000.00 ",Quarter: NE/4 Section: 21 Township: 39 Range: 17 Subdiv...
581959,3/30/2012,"$192,500.00 ",Quarter: NW/4 Section: 25 Township: 36 Range: 16
581965,3/28/2012,"$52,500.00 ",Quarter: SE/4 Section: 30 Township: 35 Range: 16 Subdiv...
581974,3/30/2012,"$128,000.00 ",Quarter: SE/4 Section: 36 Township: 38 Range: 17
582021,3/31/2012,"$168,000.00 ",Section: 5 Township: 36 Range: 16
582076,4/6/2012,"$122,000.00 ",Quarter: SE/4 Section: 12 Township: 36 Range: 16 Subdiv...
582151,4/11/2012,"$90,000.00 ",Section: 26 Township: 36 Range: 16
582186,4/13/2012,"$55,000.00 ",Section: 20 Township: 39 Range: 17 Subdivision: RYMAN C...
582186,4/13/2012,"$55,000.00 ",Section: 21 Township: 39 Range: 17 Subdivision: RYMAN C...
582186,4/13/2012,"$55,000.00 ",Section: 20 Township: 39 Range: 17 Subdivision: RYMAN C...
582186,4/13/2012,"$55,000.00 ",Section: 21 Township: 39 Range: 17 Subdivision: RYMAN C...
582333,4/24/2012,"$10,000.00 ",Section: 35 Township: 39 Range: 18
582375,4/20/2012,"$98,000.00 ",Section: 7 Township: 36 Range: 12
582478,4/25/2012,"$160,000.00 ",Quarter: NW/4 Section: 31 Township: 37 Range: 15 Subdiv...
582514,5/2/2012,"$100,000.00 ",Section: 7 Township: 36 Range: 15
582604,4/30/2012,"$141,400.00 ",Quarter: NW/4 Section: 11 Township: 36 Range: 13 Subdiv...
582738,5/17/2012,"$210,000.00 ",Section: 9 Township: 37 Range: 16 Subdivision: WATSON M...
582756,5/18/2012,"$68,000.00 ",Quarter: SW/4 Section: 19 Township: 37 Range: 16 Subdiv...
582786,5/17/2012,"$82,505.00 ",Quarter: SE/4 Section: 33 Township: 36 Range: 13
582827,5/23/2012,"$20,000.00 ",Quarter: NE/4 Section: 24 Township: 36 Range: 16 Subdiv...
582830,5/23/2012,"$280,000.00 ",Quarter: NW/4 Section: 10 Township: 36 Range: 16 Subdiv...
582858,5/21/2012,"$43,300.00 ",Quarter: NW/4 Section: 16 Township: 35 Range: 16
582979,5/31/2012,"$320,000.00 ",Quarter: SE/4 Section: 34 Township: 37 Range: 14
583050,6/5/2012,"$25,000.00 ",Section: 26 Township: 36 Range: 16
583074,5/10/2012,"$125,000.00 ",Quarter: NW/4 Section: 16 Township: 36 Range: 15
583100,5/9/2012,"$48,000.00 ",Quarter: SW/4 Section: 29 Township: 36 Range: 13
583134,6/8/2012,"$5,500.00 ",Quarter: SW/4 Section: 30 Township: 38 Range: 16
583218,6/8/2012,"$110,000.00 ",Quarter: NW/4 Section: 35 Township: 36 Range: 16 Subdiv...
583262,6/14/2012,"$84,500.00 ",Quarter: NW/4 Section: 35 Township: 36 Range: 16 Subdiv...
583299,6/18/2012,"$225,300.00 ",Quarter: SW/4 Section: 18 Township: 36 Range: 15 Subdiv...
583318,6/19/2012,"$135,000.00 ",Quarter: SE/4 Section: 28 Township: 36 Range: 13 Subdiv...
583357,6/22/2012,"$124,000.00 ",Quarter: NW/4 Section: 35 Township: 36 Range: 16 Subdiv...
583364,6/22/2012,"$70,000.00 ",Quarter: NW/4 Section: 35 Township: 36 Range: 16 Subdiv...
583387,6/21/2012,"$78,000.00 ",Quarter: NE/4 Section: 29 Township: 37 Range: 14
583502,6/26/2012,"$85,000.00 ",Quarter: NE/4 Section: 30 Township: 37 Range: 15
583586,6/28/2012,"$287,000.00 ",Quarter: NE/4 Section: 21 Township: 38 Range: 17 Subdiv...
583596,6/27/2012,"$144,500.00 ",Quarter: NW/4 Section: 28 Township: 37 Range: 14 Subdiv...
583599,6/27/2012,"$287,500.00 ",Quarter: SW/4 Section: 20 Township: 37 Range: 15 Subdiv...
583603,6/27/2012,"$209,500.00 ",Quarter: SW/4 Section: 15 Township: 36 Range: 16
583608,6/29/2012,"$151,000.00 ",Quarter: NE/4 Section: 31 Township: 37 Range: 15
583608,6/29/2012,"$151,000.00 ",Quarter: NW/4 Section: 31 Township: 37 Range: 15
583608,6/29/2012,"$151,000.00 ",Quarter: NE/4 Section: 31 Township: 37 Range: 15
583608,6/29/2012,"$151,000.00 ",Quarter: NW/4 Section: 31 Township: 37 Range: 15
583612,6/28/2012,"$140,000.00 ",Section: 3 Township: 37 Range: 16 Subdivision: PINON HI...
583630,6/29/2012,"$50,000.00 ",Section: 8 Township: 38 Range: 17
583657,7/3/2012,"$51,000.00 ",Section: 2 Township: 36 Range: 16 Subdivision: LEBANON ...
583711,7/9/2012,"$420,000.00 ",Quarter: SW/4 Section: 31 Township: 37 Range: 16 Subdiv...
583738,7/9/2012,"$75,000.00 ",Section: 35 Township: 36 Range: 16
583773,7/6/2012,"$410,000.00 ",Quarter: NW/4 Section: 25 Township: 36 Range: 16
583853,7/16/2012,"$51,000.00 ",Quarter: NW/4 Section: 35 Township: 36 Range: 16 Subdiv...
583922,7/20/2012,"$52,500.00 ",Quarter: SE/4 Section: 24 Township: 36 Range: 14 Subdiv...
583951,7/16/2012,"$80,000.00 ",Quarter: NW/4 Section: 29 Township: 37 Range: 16
584022,7/24/2012,"$20,000.00 ",Section: 10 Township: 37 Range: 15
584024,7/24/2012,"$19,900.00 ",Quarter: NW/4 Section: 35 Township: 36 Range: 16 Subdiv...
584095,7/31/2012,"$35,300.00 ",Quarter: NW/4 Section: 24 Township: 36 Range: 16 Subdiv...
584122,8/1/2012,"$305,000.00 ",Section: 22 Township: 36 Range: 13
584188,8/3/2012,"$178,500.00 ",Section: 8 Township: 38 Range: 17
584200,8/8/2012,"$170,000.00 ",Quarter: SE/4 Section: 30 Township: 36 Range: 16 Subdiv...
584268,7/30/2012,"$165,000.00 ",Quarter: SE/4 Section: 27 Township: 36 Range: 16 Subdiv...
584300,8/9/2012,"$227,000.00 ",Quarter: NW/4 Section: 21 Township: 37 Range: 16
584310,8/14/2012,"$213,400.00 ",Section: 1 Township: 35 Range: 16 Subdivision: MESA SKY...
584389,8/16/2012,"$175,000.00 ",Quarter: SE/4 Section: 33 Township: 37 Range: 14 Subdiv...
584393,8/16/2012,"$175,000.00 ",Section: 2 Township: 37 Range: 16 Subdivision: NORTHCUT...
584487,8/24/2012,"$110,000.00 ",Sixteenth: NW Quarter: NW Section: 35 Township: 36 Range...
584531,8/22/2012,"$175,000.00 ",Quarter: SE/4 Section: 29 Township: 38 Range: 16
584599,8/30/2012,"$236,000.00 ",Quarter: NW/4 Section: 24 Township: 37 Range: 17 Subdiv...
584603,8/16/2012,"$240,000.00 ",Quarter: SW/4 Section: 18 Township: 36 Range: 15 Subdiv...
584821,9/13/2012,"$178,000.00 ",Sixteenth: NE/4 Quarter: NE/4 Section: 16 Township: 37 R...
584826,9/13/2012,"$80,000.00 ",Section: 1 Township: 36 Range: 16 Subdivision: SCHWARZK...
584842,9/9/2012,"$175,000.00 ",Quarter: SE/4 Section: 33 Township: 36 Range: 14
584861,9/17/2012,"$172,500.00 ",Quarter: NE/4 Section: 17 Township: 36 Range: 15
584906,9/19/2012,"$265,100.00 ",Quarter: SW/4 Section: 20 Township: 37 Range: 15 Subdiv...
584955,8/27/2012,"$80,000.00 ",Section: 4 Township: 35 Range: 13
584990,9/21/2012,"$88,000.00 ",Sixteenth: NE Quarter: NE/4 Section: 16 Township: 37 Ran...
585042,9/26/2012,"$170,000.00 ",Quarter: SE/4 Section: 15 Township: 36 Range: 16
585060,9/28/2012,"$50,000.00 ",Quarter: NW/4 Section: 17 Township: 36 Range: 16 Subdiv...
585119,9/18/2012,"$80,200.00 ",Quarter: NE/4 Section: 10 Township: 35 Range: 16 Subdiv...
585300,10/11/2012,"$225,000.00 ",Quarter: SE/4 Section: 14 Township: 37 Range: 16 Subdiv...
585310,10/12/2012,"$262,500.00 ",Quarter: SW/4 Section: 16 Township: 35 Range: 16
585380,10/16/2012,"$160,000.00 ",Sixteenth: NW Quarter: NE/4 Section: 10 Township: 36 Ran...
585431,10/19/2012,"$343,000.00 ",Section: 2 Township: 36 Range: 16
585447,10/18/2012,"$110,000.00 ",Quarter: SW/4 Section: 14 Township: 36 Range: 16 Subdiv...
585482,10/22/2012,"$25,000.00 ",Quarter: NE/4 Section: 27 Township: 36 Range: 14 Subdiv...
585483,10/22/2012,"$238,200.00 ",Quarter: SW Section: 15 Township: 36 Range: 15 Subdivis...
585588,10/29/2012,"$1,000.00 ",Section: 33 Township: 37 Range: 15
585799,11/9/2012,"$120,000.00 ",Section: 1 Township: 37 Range: 13 Subdivision: SPRING C...
585815,10/25/2012,"$229,000.00 ",Section: 17 Township: 37 Range: 15 Subdivision: WILSON ...
585901,10/27/2012,"$12,500.00 ",Sixteenth: SE/4 Quarter: SE/4 Section: 34 Township: 37 R...
585947,11/19/2012,"$110,000.00 ",Section: 31 Township: 36 Range: 13
586093,11/9/2012,"$285,000.00 ",Quarter: SW/4 Section: 16 Township: 35 Range: 16
586195,11/29/2012,"$123,500.00 ",Section: 29 Township: 35 Range: 16 Subdivision: SOUTH M...
586253,11/27/2012,"$222,000.00 ",Quarter: SE/4 Section: 29 Township: 36 Range: 13 Subdiv...
586257,12/3/2012,"$160,000.00 ",Quarter: NE/4 Section: 24 Township: 36 Range: 16 Subdiv...
586369,12/11/2012,"$182,000.00 ",Quarter: SE/4 Section: 28 Township: 36 Range: 13
586477,12/7/2012,"$45,000.00 ",Quarter: SW/4 Section: 14 Township: 36 Range: 16
586558,12/21/2012,"$101,900.00 ",Section: 8 Township: 38 Range: 17
586601,12/26/2012,"$15,000.00 ",Quarter: SE/4 Section: 16 Township: 37 Range: 15
586603,12/21/2012,"$35,000.00 ",Quarter: SW/4 Section: 31 Township: 37 Range: 16 Subdiv...
586620,12/20/2012,"$131,200.00 ",Sixteenth: SE Quarter: SE/4 Section: 36 Township: 38 Ran...
586696,12/26/2012,"$53,500.00 ",Quarter: SW/4 Section: 26 Township: 38 Range: 17
586697,12/31/2012,"$53,500.00 ",Quarter: SW/4 Section: 26 Township: 38 Range: 17
586699,12/28/2012,"$178,000.00 ",Quarter: SE/4 Section: 16 Township: 37 Range: 16
586762,12/26/2012,"$57,800.00 ",Quarter: NE/4 Section: 26 Township: 36 Range: 16 Subdiv...
586920,1/15/2013,"$170,000.00 ",Section: 28 Township: 36 Range: 13
586920,1/15/2013,"$170,000.00 ",Section: 28 Township: 36 Range: 13
586920,1/15/2013,"$170,000.00 ",Section: 28 Township: 36 Range: 13
586920,1/15/2013,"$170,000.00 ",Section: 28 Township: 36 Range: 13
586967,5/15/2012,"$75,000.00 ",Quarter: NE/4 Section: 34 Township: 36 Range: 16
586983,1/21/2013,"$39,000.00 ",Section: 6 Township: 36 Range: 16 Subdivision: ALKALI M...
587131,1/29/2013,"$154,900.00 ",Quarter: NE/4 Section: 33 Township: 37 Range: 14 Subdiv...
587293,2/11/2013,"$30,000.00 ",Quarter: NE/4 Section: 24 Township: 36 Range: 16 Subdiv...
587312,1/30/2013,"$125,000.00 ",Section: 7 Township: 36 Range: 16
587383,2/14/2013,"$155,000.00 ",Quarter: SE/4 Section: 20 Township: 35 Range: 16
587396,2/11/2013,"$95,000.00 ",Quarter: SW/4 Section: 12 Township: 36 Range: 14
587499,2/22/2013,"$51,000.00 ",Quarter: SW/4 Section: 16 Township: 35 Range: 16
587627,2/27/2013,"$52,500.00 ",Quarter: SW/4 Section: 11 Township: 36 Range: 16
587691,3/7/2013,"$260,000.00 ",Quarter: NW/4 Section: 30 Township: 36 Range: 15 Subdiv...
587702,3/8/2013,"$197,000.00 ",Quarter: NE/4 Section: 24 Township: 36 Range: 16 Subdiv...
587704,3/8/2013,"$155,000.00 ",Quarter: SE/4 Section: 10 Township: 37 Range: 15 Subdiv...
587707,2/22/2013,"$192,000.00 ",Quarter: NE/4 Section: 29 Township: 37 Range: 16
587747,3/8/2013,"$135,000.00 ",Quarter: NE/4 Section: 33 Township: 37 Range: 14 Subdiv...
587838,3/14/2013,"$50,000.00 ",Sixteenth: SE/4 Quarter: NW/4 Section: 16 Township: 35 R...
587962,3/1/2013,"$125,000.00 ",Section: 24 Township: 36 Range: 16 Subdivision: MONTEZU...
588168,4/1/2013,"$318,500.00 ",Section: 19 Township: 36 Range: 15 Subdivision: FAIRWAY...
588168,4/1/2013,"$318,500.00 ",Section: 19 Township: 36 Range: 15 Subdivision: FAIRWAY...
588168,4/1/2013,"$318,500.00 ",Section: 19 Township: 36 Range: 15 Subdivision: FAIRWAY...
588168,4/1/2013,"$318,500.00 ",Section: 19 Township: 36 Range: 15 Subdivision: FAIRWAY...
588224,4/4/2013,"$175,000.00 ",Section: 7 Township: 35 Range: 16
588241,4/5/2013,"$21,000.00 ",Section: 1 Township: 37 Range: 13 Subdivision: SPRING C...
588340,4/4/2013,"$160,000.00 ",Section: 6 Township: 38 Range: 12
588387,4/12/2013,"$135,000.00 ",Quarter: NW/4 Section: 25 Township: 36 Range: 16 Subdiv...
588405,9/21/2012,"$153,030.00 ",Section: 1 Township: 37 Range: 17
588407,4/12/2013,"$50,000.00 ",Section: 6 Township: 37 Range: 16 Subdivision: SUNNYSID...
588466,4/11/2013,"$125,000.00 ",Quarter: SW/4 Section: 16 Township: 35 Range: 16
588480,4/11/2013,"$140,000.00 ",Quarter: SW/4 Section: 16 Township: 35 Range: 16
588512,4/19/2013,"$225,000.00 ",Quarter: NW/4 Section: 28 Township: 37 Range: 14 Subdiv...
588603,4/22/2013,"$40,000.00 ",Quarter: NW/4 Section: 28 Township: 36 Range: 13 Subdiv...
588625,4/26/2013,"$150,000.00 ",0 Subdivision: D H LEMMONS TOWNSITE Block: 7 Lot: 15 THR...
588628,4/26/2013,"$15,000.00 ",0 Subdivision: D H LEMMONS TOWNSITE Block: 7 Lot: 15 THR...
588677,4/26/2013,"$394,000.00 ",Section: 3 Township: 35 Range: 14 Subdivision: MUDD CRE...
588682,4/29/2013,"$207,000.00 ",Quarter: SW/4 Section: 24 Township: 37 Range: 17
588682,4/29/2013,"$207,000.00 ",Quarter: SW/4 Section: 24 Township: 37 Range: 17
588682,4/29/2013,"$207,000.00 ",Quarter: SW/4 Section: 24 Township: 37 Range: 17
588682,4/29/2013,"$207,000.00 ",Quarter: SW/4 Section: 24 Township: 37 Range: 17
588698,3/19/2013,"$135,000.00 ",Section: 1 Township: 36 Range: 16 Subdivision: VANIK MI...
588726,5/1/2013,"$128,000.00 ",Quarter: SW/4 Section: 10 Township: 37 Range: 15 Subdiv...
588801,5/6/2013,"$72,000.00 ",Quarter: NW/4 Section: 32 Township: 35 Range: 16
588837,5/7/2013,"$35,000.00 ",Quarter: NW/4 Section: 24 Township: 36 Range: 16 Subdiv...
588868,5/10/2013,"$113,800.00 ",Quarter: SW/4 Section: 18 Township: 36 Range: 15 Subdiv...
588869,5/10/2013,"$227,500.00 ",Quarter: SW/4 Section: 18 Township: 36 Range: 15 Subdiv...
588874,5/10/2013,"$200,000.00 ",Quarter: NE/4 Section: 11 Township: 36 Range: 14
588874,5/10/2013,"$200,000.00 ",Quarter: NE/4 Section: 11 Township: 36 Range: 14
588874,5/10/2013,"$200,000.00 ",Quarter: NE/4 Section: 11 Township: 36 Range: 14
588874,5/10/2013,"$200,000.00 ",Quarter: NE/4 Section: 11 Township: 36 Range: 14
588898,5/7/2013,"$320,000.00 ",Section: 6 Township: 38 Range: 12
588911,3/18/2013,"$359,500.00 ",Quarter: NW/4 Section: 10 Township: 36 Range: 15 Subdiv...
588912,4/18/2013,"$359,500.00 ",Quarter: NW/4 Section: 10 Township: 36 Range: 15 Subdiv...
588925,5/9/2013,"$200,000.00 ",Sixteenth: W/2 Quarter: NW/4 Section: 16 Township: 36 Ra...
589010,5/17/2013,"$160,000.00 ",Quarter: NW/4 Section: 25 Township: 36 Range: 16 Subdiv...
589019,5/20/2013,"$125,000.00 ",Quarter: NW/4 Section: 25 Township: 35 Range: 16 Subdiv...
589136,4/12/2013,"$149,900.00 ",Quarter: NW/4 Section: 26 Township: 37 Range: 15
589161,5/22/2013,"$185,000.00 ",Quarter: NW/4 Section: 31 Township: 36 Range: 13
589194,5/29/2013,"$267,000.00 ",Quarter: NW/4 Section: 34 Township: 36 Range: 18
589228,5/30/2013,"$100,000.00 ",Quarter: NW/4 Section: 35 Township: 36 Range: 16 Subdiv...
589257,6/3/2013,"$250,000.00 ",Section: 6 Township: 36 Range: 15
589314,6/3/2013,"$85,000.00 ",Quarter: NW/4 Section: 35 Township: 36 Range: 16 Subdiv...
589322,5/8/2013,"$145,500.00 ",Quarter: SW/4 Section: 17 Township: 37 Range: 15
589353,6/5/2013,"$120,000.00 ",Section: 26 Township: 36 Range: 16
589356,6/7/2013,"$395,000.00 ",Sixteenth: SE/4 Quarter: NW/4 Section: 27 Township: 38 R...
589496,5/3/2013,"$132,500.00 ",Quarter: NW/4 Section: 25 Township: 36 Range: 16 Subdiv...
589527,6/17/2013,"$159,000.00 ",Quarter: NW/4 Section: 35 Township: 36 Range: 16 Subdiv...
589539,6/18/2013,"$130,000.00 ",Quarter: NE/4 Section: 21 Township: 37 Range: 17 Subdiv...
589618,6/24/2013,"$25,000.00 ",Quarter: NE/4 Section: 28 Township: 36 Range: 13
589629,6/5/2013,"$30,000.00 ",Section: 28 Township: 36 Range: 13
589659,6/25/2013,"$244,000.00 ",Quarter: NW/4 Section: 14 Township: 35 Range: 16
589702,6/24/2013,"$269,000.00 ",Quarter: NW/4 Section: 32 Township: 37 Range: 16
589761,7/2/2013,"$173,000.00 ",Section: 2 Township: 36 Range: 16 Subdivision: MONTEZUM...
589792,7/3/2013,"$152,000.00 ",Sixteenth: SE/4 Quarter: SE/4 Section: 34 Township: 37 R...
589906,7/1/2013,"$136,500.00 ",Quarter: NW/4 Section: 25 Township: 36 Range: 16 Subdiv...
590080,7/19/2013,"$133,000.00 ",Sixteenth: N/2 Quarter: NE/4 Section: 1 Township: 37 Ran...
590113,7/19/2013,"$153,500.00 ",Quarter: SE/4 Section: 28 Township: 36 Range: 13
590242,7/29/2013,"$185,000.00 ",Quarter: SE/4 Section: 31 Township: 37 Range: 15
590317,7/31/2013,"$219,000.00 ",Section: 5 Township: 36 Range: 15
590319,7/31/2013,"$215,000.00 ",Sixteenth: SW Quarter: SW/4 Section: 18 Township: 36 Ran...
590363,8/2/2013,"$58,900.00 ",Section: 8 Township: 36 Range: 14
590486,8/7/2013,"$90,000.00 ",Section: 3 Township: 35 Range: 17
590548,8/7/2013,"$88,500.00 ",Quarter: NE/4 Section: 36 Township: 36 Range: 16
590574,8/15/2013,"$200,000.00 ",Quarter: SE/4 Section: 21 Township: 37 Range: 16
590583,8/16/2013,"$219,000.00 ",Quarter: SE/4 Section: 36 Township: 37 Range: 17 Subdiv...
590592,8/14/2013,"$134,000.00 ",Quarter: NE/4 Section: 30 Township: 37 Range: 16
590624,8/19/2013,"$162,000.00 ",Sixteenth: NE Quarter: NE Section: 18 Township: 36 Range...
590642,8/17/2013,"$175,000.00 ",Quarter: SE/4 Section: 10 Township: 37 Range: 15 Subdiv...
590653,8/20/2013,"$115,000.00 ",Quarter: NE/4 Section: 24 Township: 36 Range: 16 Subdiv...
590820,8/29/2013,"$243,000.00 ",Quarter: SW/4 Section: 21 Township: 36 Range: 13 Subdiv...
590822,8/29/2013,"$172,000.00 ",Section: 5 Township: 36 Range: 15
590844,8/30/2013,"$138,000.00 ",Quarter: SE/4 Section: 27 Township: 36 Range: 16 Subdiv...
590847,8/30/2013,"$145,000.00 ",Section: 2 Township: 35 Range: 17
590855,8/28/2013,"$180,000.00 ",Quarter: SE/4 Section: 17 Township: 36 Range: 15
590891,9/4/2013,"$30,000.00 ",Section: 8 Township: 37 Range: 16 Subdivision: DAKOTAS ...
590910,9/5/2013,"$45,000.00 ",Section: 2 Township: 36 Range: 16 Subdivision: LEBANON ...
590994,9/10/2013,"$310,000.00 ",Quarter: NE/4 Section: 21 Township: 37 Range: 16
591075,9/16/2013,"$223,000.00 ",Section: 1 Township: 36 Range: 14
591137,9/19/2013,"$131,000.00 ",Quarter: SE/4 Section: 36 Township: 38 Range: 17
591169,9/20/2013,"$109,700.00 ",Section: 1 Township: 35 Range: 14
591282,9/27/2013,"$230,000.00 ",Section: 17 Township: 37 Range: 15 Subdivision: WILSON ...
591347,9/28/2013,"$129,000.00 ",Quarter: NW/4 Section: 25 Township: 36 Range: 16 Subdiv...
591354,9/30/2013,"$116,500.00 ",Quarter: NW/4 Section: 16 Township: 35 Range: 16
591498,10/9/2013,"$76,000.00 ",Quarter: SW/4 Section: 30 Township: 35 Range: 16
591521,10/15/2013,"$227,500.00 ",Section: 16 Township: 36 Range: 15
591529,10/11/2013,"$52,000.00 ",Section: 6 Township: 37 Range: 17
591546,10/1/2013,"$52,500.00 ",Section: 26 Township: 36 Range: 16
591559,10/14/2013,"$412,500.00 ",Quarter: NE/4 Section: 31 Township: 36 Range: 17
591608,10/14/2013,"$230,000.00 ",Quarter: NE/4 Section: 12 Township: 36 Range: 13
591625,10/18/2013,"$80,000.00 ",Quarter: NE/4 Section: 29 Township: 37 Range: 16
591804,10/31/2013,"$194,000.00 ",Section: 6 Township: 38 Range: 12
591815,10/31/2013,"$90,000.00 ",Section: 34 Township: 37 Range: 14 TR 168FTX240FT IN N...
591826,11/4/2013,"$165,000.00 ",Quarter: NE/4 Section: 20 Township: 36 Range: 13
591910,11/8/2013,"$225,000.00 ",Section: 8 Township: 36 Range: 13 Subdivision: OAKVIEW ...
592008,11/15/2013,"$230,500.00 ",Quarter: NE/4 Section: 10 Township: 35 Range: 16 Subdiv...
592251,11/27/2013,"$44,500.00 ",Quarter: SE/4 Section: 34 Township: 37 Range: 14
592328,12/6/2013,"$75,000.00 ",Quarter: NW/4 Section: 11 Township: 38 Range: 18
592348,12/5/2013,"$190,000.00 ",Section: 7 Township: 36 Range: 16
592410,12/13/2013,"$289,500.00 ",Section: 6 Township: 36 Range: 15 Subdivision: SUNSET E...
592476,12/20/2013,"$150,000.00 ",Quarter: NW/4 Section: 25 Township: 36 Range: 16 Subdiv...
592481,12/18/2013,"$135,000.00 ",Section: 9 Township: 36 Range: 15
592544,12/27/2013,"$139,000.00 ",Section: 4 Township: 35 Range: 16 Subdivision: VALLEY V...
592547,12/17/2013,"$80,000.00 ",Quarter: SE/4 Section: 24 Township: 38 Range: 18
592585,12/20/2013,"$180,000.00 ",Quarter: SW/4 Section: 31 Township: 37 Range: 15 Subdiv...
592592,12/27/2013,"$295,000.00 ",Quarter: SW/4 Section: 34 Township: 37 Range: 16 Subdiv...
592627,12/31/2013,"$155,000.00 ",Quarter: NW/4 Section: 31 Township: 37 Range: 15 Subdiv...
592637,1/3/2014,"$94,000.00 ",Quarter: NW/4 Section: 30 Township: 36 Range: 15
592734,1/7/2014,"$155,000.00 ",Section: 8 Township: 36 Range: 16 Subdivision: R & R AC...
592737,1/10/2014,"$287,500.00 ",Quarter: SW/4 Section: 31 Township: 37 Range: 16 Subdiv...
592803,1/12/2014,"$124,900.00 ",Section: 2 Township: 35 Range: 14
592850,1/21/2014,"$324,000.00 ",Quarter: NW/4 Section: 10 Township: 36 Range: 16 Subdiv...
592999,2/3/2014,"$150,000.00 ",Quarter: SE/4 Section: 15 Township: 38 Range: 14 Subdiv...
593006,1/10/2014,"$3,500.00 ",Quarter: SW/4 Section: 36 Township: 39 Range: 14
593011,1/31/2014,"$227,000.00 ",Quarter: NE/4 Section: 10 Township: 35 Range: 16 Subdiv...
593139,2/6/2014,"$200,000.00 ",Section: 6 Township: 38 Range: 17
593184,2/10/2014,"$168,500.00 ",Section: 3 Township: 36 Range: 16
593196,2/14/2014,"$35,000.00 ",Quarter: SW Section: 33 Township: 36 Range: 15 Subdivis...
593198,2/14/2014,"$331,500.00 ",Quarter: SW/4 Section: 34 Township: 36 Range: 17
593222,2/18/2014,"$30,000.00 ",Quarter: NE/4 Section: 24 Township: 36 Range: 16 Subdiv...
593229,2/18/2014,"$134,000.00 ",Quarter: NW/4 Section: 25 Township: 36 Range: 16 Subdiv...
593353,2/26/2014,"$90,000.00 ",Quarter: NE/4 Section: 18 Township: 36 Range: 14
593371,2/27/2014,"$67,500.00 ",Section: 17 Township: 37 Range: 15 Section: 18 Township:...
593382,2/28/2014,"$362,500.00 ",Quarter: SW/4 Section: 24 Township: 36 Range: 14
593402,3/3/2014,"$4,000.00 ",Quarter: NE/4 Section: 33 Township: 37 Range: 14 Subdiv...
593523,3/10/2014,"$25,000.00 ",Quarter: NE/4 Section: 25 Township: 36 Range: 16
593631,3/17/2014,"$161,000.00 ",Section: 8 Township: 37 Range: 16 Subdivision: CAROL EV...
593671,3/19/2014,"$185,000.00 ",Section: 8 Township: 36 Range: 16
593718,3/26/2014,"$187,500.00 ",Quarter: SE/4 Section: 29 Township: 38 Range: 16
593724,3/24/2014,"$34,500.00 ",Section: 1 Township: 37 Range: 17
593876,4/3/2014,"$262,000.00 ",Quarter: NW/4 Section: 25 Township: 36 Range: 16 Subdiv...
593876,4/3/2014,"$262,000.00 ",Quarter: NW/4 Section: 25 Township: 36 Range: 16 Subdiv...
593876,4/3/2014,"$262,000.00 ",Quarter: NW/4 Section: 25 Township: 36 Range: 16 Subdiv...
593876,4/3/2014,"$262,000.00 ",Quarter: NW/4 Section: 25 Township: 36 Range: 16 Subdiv...
593943,4/9/2014,"$56,000.00 ",Quarter: SW/4 Section: 14 Township: 36 Range: 16
593989,4/11/2014,"$56,000.00 ",0 Subdivision: CHAMBERLINS ADDITION (THE) Block: 66 Lot:...
594019,4/15/2014,"$120,000.00 ",Section: 7 Township: 38 Range: 17
594100,4/16/2014,"$150,000.00 ",Quarter: NW/4 Section: 16 Township: 36 Range: 15
594129,4/18/2014,"$14,000.00 ",Quarter: NE/4 Section: 34 Township: 36 Range: 16
594200,4/23/2014,"$182,000.00 ",Quarter: NE/4 Section: 10 Township: 36 Range: 16
594234,4/28/2014,"$153,500.00 ",Sixteenth: NE Quarter: NE Section: 21 Township: 37 Range...
594237,4/28/2014,"$196,200.00 ",Quarter: SE/4 Section: 28 Township: 36 Range: 13
594239,4/20/2014,"$65,000.00 ",Section: 13 Township: 36 Range: 17 Subdivision: FOURWIN...
594241,4/25/2014,"$244,900.00 ",Quarter: NE/4 Section: 24 Township: 36 Range: 16 Subdiv...
594266,4/29/2014,"$182,000.00 ",Quarter: NE/4 Section: 10 Township: 36 Range: 16
594271,4/30/2014,"$186,400.00 ",Quarter: NE/4 Section: 28 Township: 36 Range: 14 Subdiv...
594312,5/1/2014,"$290,000.00 ",Quarter: NW/4 Section: 30 Township: 37 Range: 16
594366,4/18/2014,"$50,000.00 ",Sixteenth: SW Quarter: SW/4 Section: 18 Township: 36 Ran...
594386,4/30/2014,"$186,400.00 ",Quarter: NE/4 Section: 28 Township: 36 Range: 14 Subdiv...
594412,5/5/2014,"$85,000.00 ",0 Subdivision: J L FOUTZ ADDITION Block: 5 Lot: 5
594446,5/6/2014,"$130,000.00 ",Section: 5 Township: 35 Range: 13
594583,5/20/2014,"$275,000.00 ",Quarter: NE/4 Section: 13 Township: 36 Range: 14
594643,5/21/2014,"$213,500.00 ",Quarter: NE/4 Section: 21 Township: 37 Range: 17 Subdiv...
594674,5/28/2014,"$340,000.00 ",Section: 28 Township: 36 Range: 16
594696,5/29/2014,"$160,000.00 ",Quarter: NE/4 Section: 21 Township: 37 Range: 16
594723,5/28/2014,"$136,500.00 ",Quarter: NW/4 Section: 25 Township: 36 Range: 16 Subdiv...
594749,6/3/2014,"$145,000.00 ",Quarter: NW/4 Section: 35 Township: 36 Range: 16 Subdiv...
594752,6/3/2014,"$250,000.00 ",Section: 1 Township: 36 Range: 14
594760,6/2/2014,"$147,500.00 ",Section: 6 Township: 37 Range: 16 Subdivision: SUNNYSID...
594772,5/30/2014,"$70,000.00 ",Quarter: NW/4 Section: 14 Township: 35 Range: 16
594814,6/4/2014,"$349,000.00 ",Quarter: NW/4 Section: 28 Township: 37 Range: 14 Subdiv...
594823,6/6/2014,"$67,500.00 ",Quarter: NE/4 Section: 31 Township: 37 Range: 15
594833,5/27/2014,"$335,000.00 ",Quarter: SW/4 Section: 21 Township: 36 Range: 13
594949,6/11/2014,"$193,000.00 ",Quarter: SE/4 Section: 30 Township: 36 Range: 13
594996,9/24/2012,"$60,000.00 ",Quarter: SW/4 Section: 10 Township: 37 Range: 15 Subdiv...
595039,6/20/2014,"$139,000.00 ",Section: 6 Township: 37 Range: 16 Subdivision: OLD MINE...
595052,6/18/2014,"$88,400.00 ",Section: 2 Township: 35 Range: 16
595066,6/23/2014,"$399,000.00 ",Quarter: SW/4 Section: 35 Township: 37 Range: 14 Subdiv...
595115,6/23/2014,"$149,900.00 ",Quarter: SE/4 Section: 36 Township: 36 Range: 16 Subdiv...
595141,6/25/2014,"$250,000.00 ",Section: 9 Township: 36 Range: 16 Subdivision: TULAROSA...
595152,6/27/2014,"$110,000.00 ",Section: 5 Township: 35 Range: 16
595182,6/27/2014,"$80,000.00 ",Section: 26 Township: 36 Range: 16
595227,6/30/2014,"$138,500.00 ",Quarter: NE/4 Section: 31 Township: 35 Range: 16 Subdiv...
595244,7/1/2014,"$115,000.00 ",Quarter: SE/4 Section: 11 Township: 36 Range: 15 Subdiv...
595305,7/1/2014,"$136,500.00 ",Quarter: NW/4 Section: 25 Township: 36 Range: 16 Subdiv...
595356,7/9/2014,"$315,000.00 ",Quarter: SE/4 Section: 19 Township: 37 Range: 15
595389,7/14/2014,"$75,000.00 ",Section: 28 Township: 36 Range: 13 Subdivision: HERSHBE...
595427,7/16/2014,"$290,000.00 ",Quarter: SW/4 Section: 16 Township: 37 Range: 15
595432,7/15/2014,"$245,000.00 ",Section: 8 Township: 35 Range: 16 Subdivision: GOODWIN ...
595443,7/15/2014,"$500,000.00 ",Quarter: NE/4 Section: 24 Township: 39 Range: 14
595460,6/20/2014,"$100,000.00 ",Quarter: SE/4 Section: 17 Township: 37 Range: 15
595500,7/16/2014,"$390,000.00 ",Section: 3 Township: 35 Range: 14 Subdivision: MUDD CRE...
595510,7/18/2014,"$93,500.00 ",Section: 6 Township: 36 Range: 16
595571,7/22/2014,"$240,000.00 ",Section: 17 Township: 37 Range: 15 Subdivision: WILSON ...
595674,7/25/2014,"$55,000.00 ",Quarter: SE/4 Section: 11 Township: 36 Range: 14
595719,7/31/2014,"$115,000.00 ",Section: 16 Township: 37 Range: 15
595743,8/1/2014,"$12,500.00 ",Quarter: NW/4 Section: 35 Township: 36 Range: 16 Subdiv...
595746,7/31/2014,"$290,000.00 ",Section: 6 Township: 36 Range: 15
595862,8/8/2014,"$36,000.00 ",Quarter: SE/4 Section: 33 Township: 39 Range: 17
595877,8/8/2014,"$130,000.00 ",Quarter: NE/4 Section: 33 Township: 36 Range: 13
595920,8/8/2014,"$243,900.00 ",Sixteenth: NE Quarter: NW/4 Section: 31 Township: 38 Ran...
595936,8/15/2014,"$60,000.00 ",Quarter: NE/4 Section: 16 Township: 37 Range: 15
595939,8/15/2014,"$128,200.00 ",Quarter: NE/4 Section: 19 Township: 37 Range: 16
595965,8/18/2014,"$175,000.00 ",Quarter: SE/4 Section: 15 Township: 36 Range: 16
596113,8/28/2014,"$155,000.00 ",Quarter: SE/4 Section: 18 Township: 37 Range: 16 Subdiv...
596227,9/4/2014,"$260,000.00 ",Section: 3 Township: 36 Range: 14 Subdivision: SUMMIT L...
596244,9/8/2014,"$223,000.00 ",Quarter: NE/4 Section: 24 Township: 36 Range: 16 Subdiv...
596277,9/9/2014,"$182,000.00 ",Section: 5 Township: 36 Range: 15
596306,9/11/2014,"$292,000.00 ",Section: 2 Township: 37 Range: 16 Subdivision: MCPHEE R...
596310,9/12/2014,"$50,000.00 ",Quarter: NW/4 Section: 19 Township: 36 Range: 15 Subdiv...
596511,9/24/2014,"$360,000.00 ",Section: 8 Township: 36 Range: 13 Subdivision: OAKVIEW ...
596593,9/26/2014,"$157,000.00 ",Sixteenth: SE/4 Quarter: SE/4 Section: 34 Township: 37 R...
596602,9/30/2014,"$179,000.00 ",Quarter: SE/4 Section: 10 Township: 37 Range: 15 Subdiv...
596645,10/1/2014,"$300,000.00 ",Quarter: NW/4 Section: 22 Township: 36 Range: 13
596653,10/3/2014,"$215,000.00 ",Quarter: SW Section: 33 Township: 36 Range: 15 Subdivis...
596721,10/8/2014,"$258,000.00 ",Section: 8 Township: 36 Range: 16
596735,10/10/2014,"$240,000.00 ",Subdivision: F R COFFINS ADDITION Lot: 22-24 Block: 16 B...
596791,10/14/2014,"$230,000.00 ",Quarter: SW/4 Section: 30 Township: 37 Range: 15
596824,10/16/2014,"$23,000.00 ",Quarter: NW/4 Section: 35 Township: 36 Range: 16 Subdiv...
596925,10/24/2014,"$185,000.00 ",Quarter: SW/4 Section: 12 Township: 36 Range: 14
596939,10/24/2014,"$279,000.00 ",Sixteenth: NW Quarter: NE Section: 7 Township: 36 Range:...
596939,10/24/2014,"$279,000.00 ",Quarter: NW Section: 7 Township: 36 Range: 15
596939,10/24/2014,"$279,000.00 ",Sixteenth: NW Quarter: NE Section: 7 Township: 36 Range:...
596939,10/24/2014,"$279,000.00 ",Quarter: NW Section: 7 Township: 36 Range: 15
596941,10/27/2014,"$185,000.00 ",Section: 26 Township: 36 Range: 13
596968,10/27/2014,"$157,000.00 ",Quarter: NW/4 Section: 15 Township: 37 Range: 16
596979,10/28/2014,"$102,000.00 ",Section: 6 Township: 37 Range: 16 Subdivision: SUNNYSID...
597001,10/29/2014,"$136,500.00 ",Quarter: NW/4 Section: 25 Township: 36 Range: 16 Subdiv...
597030,10/23/2014,"$10,400.00 ",Quarter: SW/4 Section: 13 Township: 36 Range: 17
597030,10/23/2014,"$10,400.00 ",Section: 13 Township: 36 Range: 17
597030,10/23/2014,"$10,400.00 ",Quarter: SW/4 Section: 13 Township: 36 Range: 17
597030,10/23/2014,"$10,400.00 ",Section: 13 Township: 36 Range: 17
597097,11/3/2014,"$415,000.00 ",Quarter: NW/4 Section: 32 Township: 37 Range: 13
597106,11/4/2014,"$125,000.00 ",Quarter: NE/4 Section: 29 Township: 37 Range: 16
597110,11/3/2014,"$75,000.00 ",Quarter: NE/4 Section: 33 Township: 38 Range: 16
597246,10/27/2014,"$3,000.00 ",Section: 33 Township: 37 Range: 15
597320,11/10/2014,"$230,000.00 ",Quarter: SW/4 Section: 17 Township: 38 Range: 17
597424,11/20/2014,"$229,000.00 ",Quarter: SW/4 Section: 14 Township: 37 Range: 16
597447,11/20/2014,"$135,300.00 ",Quarter: NW/4 Section: 25 Township: 36 Range: 16 Subdiv...
597478,11/19/2014,"$230,000.00 ",Quarter: NW/4 Section: 28 Township: 36 Range: 13 Subdiv...
597494,11/25/2014,"$200,000.00 ",Section: 6 Township: 37 Range: 16 Subdivision: OLD MINE...
597646,12/3/2014,"$355,000.00 ",Section: 2 Township: 36 Range: 16 Subdivision: MILDRED ...
597699,12/8/2014,"$149,900.00 ",Quarter: NW/4 Section: 16 Township: 36 Range: 15
597738,12/9/2014,"$207,500.00 ",Sixteenth: NE Quarter: NE Section: 18 Township: 36 Range...
597743,12/12/2014,"$30,000.00 ",0 Subdivision: HIGHLAND TERRACE #2 Lot: 10
597743,12/12/2014,"$30,000.00 ",0 Subdivision: HIGHLAND TERRACE #2 Lot: 11
597743,12/12/2014,"$30,000.00 ",0 Subdivision: HIGHLAND TERRACE #2 Lot: 10
597743,12/12/2014,"$30,000.00 ",0 Subdivision: HIGHLAND TERRACE #2 Lot: 11
597783,12/15/2014,"$200,000.00 ",Quarter: NE/4 Section: 21 Township: 37 Range: 17 Subdiv...
597817,12/16/2014,"$470,000.00 ",Quarter: SW/4 Section: 31 Township: 37 Range: 16 Subdiv...
597913,12/19/2014,"$240,000.00 ",Section: 27 Township: 36 Range: 13 Quarter: NW/4 Section...
597930,12/19/2014,"$394,000.00 ",Section: 11 Township: 37 Range: 16 Section: 2 Township: ...
597933,12/18/2014,"$231,900.00 ",Section: 8 Township: 36 Range: 15
597962,12/24/2014,"$221,500.00 ",Quarter: NE/4 Section: 11 Township: 37 Range: 16 Subdiv...
598019,1/2/2015,"$85,000.00 ",Quarter: NW/4 Section: 30 Township: 36 Range: 15
598050,1/5/2015,"$175,000.00 ",Quarter: SW/4 Section: 29 Township: 39 Range: 11
598130,1/9/2015,"$127,000.00 ",Sixteenth: SE Quarter: SE Section: 3 Township: 35 Range:...
598163,1/12/2015,"$468,000.00 ",Quarter: NW/4 Section: 16 Township: 36 Range: 15 Subdiv...
598216,1/13/2015,"$55,000.00 ",Section: 1 Township: 35 Range: 16 Subdivision: MESA SKY...
598248,1/20/2015,"$135,000.00 ",Quarter: NE/4 Section: 23 Township: 36 Range: 16
598292,1/22/2015,"$110,000.00 ",Sixteenth: S2 Quarter: NE/4 Section: 31 Township: 35 Ran...
598292,1/22/2015,"$110,000.00 ",Sixteenth: SE/4 Quarter: NE/4 Section: 31 Township: 35 R...
598292,1/22/2015,"$110,000.00 ",Sixteenth: S2 Quarter: NE/4 Section: 31 Township: 35 Ran...
598292,1/22/2015,"$110,000.00 ",Sixteenth: SE/4 Quarter: NE/4 Section: 31 Township: 35 R...
598294,1/22/2015,"$50,000.00 ",Quarter: NE/4 Section: 31 Township: 35 Range: 16
598330,1/21/2015,"$105,000.00 ",Quarter: NW/4 Section: 35 Township: 36 Range: 16
598361,1/23/2015,"$323,000.00 ",Section: 2 Township: 36 Range: 16 Subdivision: LEBANON ...
598394,1/28/2015,"$253,000.00 ",Quarter: NE/4 Section: 24 Township: 36 Range: 16 Subdiv...
598433,1/27/2015,"$5,000.00 ",Quarter: NE/4 Section: 26 Township: 36 Range: 16
598434,1/30/2015,"$100,000.00 ",Quarter: SE/4 Section: 27 Township: 36 Range: 16 Subdiv...
598436,1/29/2015,"$84,800.00 ",Quarter: SE/4 Section: 22 Township: 36 Range: 16
598565,2/6/2015,"$257,500.00 ",Quarter: NW/4 Section: 13 Township: 36 Range: 14
598572,1/29/2015,"$9,200.00 ",Quarter: SW/4 Section: 20 Township: 36 Range: 15
598610,2/10/2015,"$207,000.00 ",Quarter: NE/4 Section: 24 Township: 36 Range: 16 Subdiv...
598674,2/17/2015,"$102,000.00 ",Quarter: NW/4 Section: 35 Township: 36 Range: 16 Subdiv...
598776,5/24/2015,"$78,900.00 ",Subdivision: SMITH (CORTEZ) SUBDIVISION: SMITH (CORT...
598799,2/26/2015,"$110,500.00 ",Quarter: NW/4 Section: 18 Township: 36 Range: 15
598801,2/26/2015,"$347,461.00 ",Section: 19 Township: 36 Range: 15 Subdivision: FAIRWAY...
598873,3/2/2015,"$136,500.00 ",Quarter: NW/4 Section: 25 Township: 36 Range: 16 Subdiv...
598935,3/6/2015,"$270,000.00 ",Section: 28 Township: 36 Range: 14 Subdivision: CEDAR M...
599037,3/13/2015,"$207,500.00 ",Section: 6 Township: 37 Range: 16 Subdivision: SUNNYSID...
599055,3/13/2015,"$73,800.00 ",0 Subdivision: FLYING ROGUE RANCH Lot: 1
599119,3/19/2015,"$67,500.00 ",Quarter: NE/4 Section: 34 Township: 36 Range: 16
599354,4/1/2015,"$207,000.00 ",Section: 7 Township: 36 Range: 15
599373,4/1/2015,"$250,000.00 ",Section: 36 Township: 37 Range: 16
599399,4/6/2015,"$250,000.00 ",Quarter: NW/4 Section: 17 Township: 36 Range: 16
599504,4/13/2015,"$155,000.00 ",Quarter: SW/4 Section: 14 Township: 37 Range: 16
599511,4/10/2015,"$118,800.00 ",Quarter: SW/4 Section: 16 Township: 38 Range: 17
599511,4/10/2015,"$118,800.00 ",Section: 16 Township: 38 Range: 17
599511,4/10/2015,"$118,800.00 ",Quarter: SW/4 Section: 16 Township: 38 Range: 17
599511,4/10/2015,"$118,800.00 ",Section: 16 Township: 38 Range: 17
599540,4/15/2015,"$297,500.00 ",Quarter: NE/4 Section: 20 Township: 36 Range: 16
599547,4/15/2015,"$215,500.00 ",Sixteenth: NE Quarter: NE Section: 18 Township: 36 Range...
599656,4/23/2015,"$130,000.00 ",Subdivision: BARRETT TOWNSITE SUBDIVISION: BARRETT T...
599732,4/30/2015,"$65,000.00 ",Section: 3 Township: 37 Range: 16 TR S1/2 S OF HWY 184 ...
599747,4/30/2015,"$240,000.00 ",Subdivision: MCPHEE UNIT 1 PHASE II Lot: 19 Quarter: NE...
599838,5/6/2015,"$230,000.00 ",Subdivision: SWENSON Lot: 2 Sixteenth: W/2 Quarter: SE/...
599909,5/8/2015,"$158,100.00 ",Subdivision: CRITES Lot: 16 Block: 12 SUBDIVISION: C...
600017,5/14/2015,"$205,000.00 ",Subdivision: GEORGE BAUERS (FIRST & SECOND) Lot: 1 Block...
600051,5/15/2015,"$175,000.00 ",Section: 6 Township: 36 Range: 15 S: 6 T: 36 R: 15 T...
600115,5/18/2015,"$181,000.00 ",Subdivision: CROWLEY Lot: 7 Quarter: SW/4 Section: 10 T...
600143,5/20/2015,"$309,900.00 ","Subdivision: BRANDONS GATE, BLOCKS 2-6 Lot: 8 Block: 6 ..."
600210,4/24/2015,"$169,900.00 ",S: 2 T: 36 R: 15 TR W1/2NE1/4SE1/4 16.68A (NO MI...
600289,4/23/2015,"$65,000.00 ",Subdivision: SEDONA ESTATES PHASE 2 Lot: 18 (INC ALL MIN...
600306,5/29/2015,"$295,000.00 ",Subdivision: TULAROSA PROPERTIES NORTH Lot: 20 3.05 AC ...
600329,5/27/2015,"$500,000.00 ",Quarter: NE/4 Section: 28 Township: 39 Range: 11 TR NE1...
600359,5/29/2015,"$60,000.00 ",Section: 1 Township: 38 Range: 14 TR NW1/4NW1/4 AKA LOT...
600390,6/3/2015,"$127,500.00 ",Subdivision: DURAND Lot: 2 B648 P404 B697 P882 P/10-91 ...
600455,6/8/2015,"$92,000.00 ",Quarter: SW/4 Section: 11 Township: 37 Range: 15 S: ...
600457,6/4/2015,"$144,000.00 ",Section: 22 Township: 36 Range: 15 2.15 AC (USA OWNS AL...
600537,6/8/2015,"$34,000.00 ",Subdivision: WADSWORTH Lot: 3 B486 P88 B647 P694 B676 P5...
600591,6/15/2015,"$110,000.00 ",Subdivision: PARADISE VILLAGE Lot: 6 Block: 2 B 319 P 2...
600606,6/17/2015,"$140,000.00 ",Quarter: SW/4 Section: 29 Township: 37 Range: 16 PT E1/...
600616,6/18/2015,"$290,500.00 ",Subdivision: CEDARWOOD ACRES Lot: 8 Block: 1 4.237A (C...
600652,6/19/2015,"$171,500.00 ",Subdivision: HERRMANN Lot: B S: 32 T: 37 R: 16 3.25 AC...
600756,6/26/2015,"$110,000.00 ",Subdivision: SUMMIT LAKE WEST UNIT I Lot: 15 1.90A (FED ...
600786,6/8/2015,"$40,000.00 ",Section: 25 Township: 36 Range: 16 TR 68.3FTX180FT NE1/...
600801,6/28/2015,"$138,000.00 ",Subdivision: F R COFFINS ADDITION Lot: 1A Block: 3 .18AC...
600805,6/26/2015,"$220,000.00 ",Subdivision: TIBBITS-REYNOLDS Block: 7 LOT: 7 THRU:- LOT...
600845,7/2/2015,"$130,000.00 ",Section: 6 Township: 36 Range: 15 TR 318.05X138.83 IN S...
600873,7/1/2015,"$156,500.00 ",Subdivision: VERDE VU Lot: 2 Block: 8 B491 P297 B552 P...
600986,7/8/2015,"$100,500.00 ",Section: 1 Township: 35 Range: 16 TR IN SE1/4NW1/4 5A ...
600987,7/8/2015,"$186,000.00 ",Section: 2 Township: 35 Range: 17 TR SE1/4NE1/4 16.30A ...
601062,7/15/2015,"$215,500.00 ",Subdivision: SOUTHERN BLUFFS ADDITION LOT: 204 PHASE II...
601159,7/20/2015,"$215,731.00 ",Subdivision: UTE MOUNTAIN RANCHES Lot: 11 Quarter: NW/4...
601173,7/21/2015,"$279,000.00 ",Subdivision: VISTAS (THE) BLOCK: 2 LOT: 2 S: 12 T: 37...
601189,7/17/2015,"$60,000.00 ",Section: 35 Township: 36 Range: 16 S1/2SE1/4SE1/4SW1/4N...
601198,7/22/2015,"$100,000.00 ",Subdivision: UTE MOUNTAIN RANCHES Lot: 7 (STATE OWNS AL...
601289,7/24/2015,"$283,300.00 ",Section: 5 Township: 38 Range: 12 TR IN TR 39 N OF HWY ...
601319,7/27/2015,"$265,000.00 ",Subdivision: CRITES Lot: 16 Block: 9 R/471483 R/483467 R...
601348,7/29/2015,"$180,000.00 ",Section: 10 Township: 35 Range: 16 TR SE1/4SE1/4 3.04A ...
601379,7/29/2015,"$68,000.00 ",Subdivision: CORNETT HEIGHTS Block: 5 W/2 OF LOT 17 AND ...
601390,7/29/2015,"$80,000.00 ",Subdivision: D H LEMMONS TOWNSITE Block: 4 WEST 64FT OF ...
601390,7/29/2015,"$80,000.00 ",Subdivision: D H LEMMONS TOWNSITE Block: 4 EAST 61FT OF ...
601390,7/29/2015,"$80,000.00 ",Subdivision: D H LEMMONS TOWNSITE Block: 4 WEST 64FT OF ...
601390,7/29/2015,"$80,000.00 ",Subdivision: D H LEMMONS TOWNSITE Block: 4 EAST 61FT OF ...
601449,7/29/2015,"$17,000.00 ",Subdivision: CHAMBERLINS ADDITION (THE) BLOCK: 66 LOT: 2...
601460,7/31/2015,"$150,000.00 ",Section: 13 Township: 37 Range: 16 TR IN W1/2E1/2 25.14...
601471,8/5/2015,"$128,000.00 ",Section: 3 Township: 35 Range: 16 S: 3 T: 35 R: 16 T...
601474,8/4/2015,"$40,000.00 ",Subdivision: FORKS (THE) Tract: 20 1.05AC B 462 ...
601497,8/6/2015,"$480,000.00 ",Subdivision: MCPHEE UNIT 1 PHASE II Lot: 12 S: 11 T: 3...
601632,8/13/2015,"$167,000.00 ",Subdivision: MONTVIEW ADDITION Lot: 4-6 Block: 2 B588 ...
601688,8/17/2015,"$125,000.00 ",Subdivision: INDIAN CAMP RANCH Lot: 7 35.44A - (MC161...
601696,8/17/2015,"$254,000.00 ",Subdivision: OLD WEST MINOR Lot: A 10A R/475328
601849,8/24/2015,"$7,500.00 ",Subdivision: CORNETTS Lot: 8-13 Block: 8 B 447 P 368 ...
601879,8/26/2015,"$270,280.00 ",Subdivision: MANCOS RANCHES 11 LOT MAJOR Lot: 4 3.58AC S...
601888,8/25/2015,"$52,000.00 ",Subdivision: HILTZVILLE Lot: 5-8 Block: 3 B 487 P 604 ...
601948,8/28/2015,"$228,000.00 ",Subdivision: CIELO BONITO RANCHOS NORTH Lot: 15 4.36A...
601950,8/31/2015,"$125,000.00 ",Subdivision: ALADDIN Tract: 9 2.3A B 530 P 998-9...
601960,8/7/2015,"$70,000.00 ",Subdivision: SEDONA ESTATES PHASE 2 Lot: 29 (INC ALL MIN...
601966,9/1/2015,"$270,000.00 ","Subdivision: BRANDONS GATE, BLOCKS 2-6 Lot: 15 Block: 6 ..."
601986,9/1/2015,"$200,000.00 ",Subdivision: BONITA VISTA ESTATES Lot: 3 3.22A B507 ...
602028,9/2/2015,"$170,000.00 ",Subdivision: SUNNYSIDE Lot: 15-16 Block: 1 B386 P396 B6...
602044,9/8/2015,"$65,000.00 ",Quarter: NE/4 Section: 34 Township: 36 Range: 16 TR 100...
602137,9/16/2015,"$294,500.00 ",Section: 13 Township: 36 Range: 14 TR SE1/4NW1/4 9.15A...
602147,9/16/2015,"$149,000.00 ",Subdivision: GEORGE BAUERS (FIRST & SECOND) Lot: 4 Block...
602155,9/9/2015,"$193,000.00 ",Subdivision: NOLAND ADDITION Block: 1 LOT: 5 W1/2 LOT 6:...
602194,9/16/2015,"$80,000.00 ",Subdivision: SPRING CREEK LOT 16 AKA TR 208.6 FT X 104.3...
602420,10/2/2015,"$62,000.00 ",Subdivision: CORNETT HEIGHTS Lot: 9-11 Block: 2 B642 P19...
602447,9/17/2015,"$48,000.00 ",Subdivision: GEORGE BAUERS (FIRST & SECOND) Lot: 19-20 B...
602564,10/15/2015,"$94,500.00 ",Subdivision: CORNETT HEIGHTS Lot: 20-21 Block: 10
602648,10/19/2015,"$85,000.00 ",Subdivision: CEDAR MESA RANCHES Lot: 38 S: 28 T: 36 R: ...
602729,10/23/2015,"$284,900.00 ",Subdivision: LOST CANYON ESTATES Lot: 8 1.63A B...
602784,10/20/2015,"$116,000.00 ",Section: 35 Township: 37 Range: 15 TR S1/2SW1/4 3.00AC ...
602880,10/28/2015,"$103,000.00 ",Subdivision: WINGSPREAD Lot: 7 Block: 1 S: 7 T: 37 R: 1...
603035,10/29/2015,"$103,000.00 ",Subdivision: CORTEZ ORIGINAL Lot: 1-2 Block: 42 B522 P42...
603061,11/9/2015,"$155,000.00 ",Subdivision: FAIRWAY ESTATES TOWNHOME #2621 & 1/4 INTERE...
603297,11/23/2015,"$85,000.00 ",Section: 34 Township: 37 Range: 14 TR 168FTX240FT IN N...
603366,11/10/2015,"$47,097.00 ",Subdivision: COTTONWOOD GROVE Lot: 12 4.326 R/477817...
603647,12/14/2015,"$90,000.00 ",Section: 36 Township: 38 Range: 17 TR S1/2SE1/4 3.61A ...
603719,1/4/2016,"$450,000.00 ",Subdivision: CRSP Block: 2 LOT: 2 S 5FT L 1; . B...
603719,1/4/2016,"$450,000.00 ",Subdivision: CRSP Lot: 3-4 Block: 2 B407 P59 B461 P47...
603719,1/4/2016,"$450,000.00 ",Subdivision: CRSP Block: 2 LOT: 2 S 5FT L 1; . B...
603719,1/4/2016,"$450,000.00 ",Subdivision: CRSP Lot: 3-4 Block: 2 B407 P59 B461 P47...
603888,1/19/2016,"$60,000.00 ",Section: 19 Township: 37 Range: 16 TR NE1/4NE1/4NE1/4 3...
603928,12/21/2015,"$89,000.00 ",Section: 12 Township: 36 Range: 15 2 TRS N1/2NW1/4 E OF...
603938,1/21/2016,"$109,700.00 ",Subdivision: MYLER CORNER ESTATES Lot: 3 Block: A 3.01A ...
603943,1/22/2016,"$325,000.00 ",Subdivision: RUSSELL Lot: 1 4.35AC S:24 T:36 R:16 ...
604037,1/27/2016,"$126,000.00 ",Subdivision: VERDE VU Lot: 7 Block: 7 B350 P109 B430...
604103,1/30/2016,"$64,000.00 ",Subdivision: CORTEZ ORIGINAL Block: 49 S 12.5FT OF LOT 1...
604106,1/6/2016,"$107,000.00 ",Subdivision: VERDE VU BLOCK: 4 LOT: 1 B543 P7...
604837,3/18/2016,"$135,000.00 ",Subdivision: CORTEZ ORIGINAL Block: 32 W 92FT OF LOTS 17...
604908,3/24/2016,"$65,600.00 ",Subdivision: HILTZVILLE Lot: 7-8 Block: 2 B 257 P 121 B...
604932,3/24/2016,"$148,689.00 ",Subdivision: GWYN TRACTS Tract: PT 4 S: 33 T:38 R: 15 TR...
604934,2/23/2016,"$220,000.00 ",Subdivision: WILDHORSE MINOR Lot: 2 TR: 5.05 AC (NO MIN...
604985,3/30/2016,"$279,500.00 ",Subdivision: F R COFFINS ADDITION Lot: 22-24 Block: 16 B...
BC002,8/3/2009,$200.00 ,Section: 16 Township: 35 Range: 16
BC064,12/17/2009,"$5,000.00 ",Section: 4 Township: 35 Range: 16
BC128,4/29/2011,"$7,500.00 ",Quarter: SE/4 Section: 36 Township: 38 Range: 17
BC168,8/9/2011,"$60,000.00 ",Quarter: SE/4 Section: 11 Township: 37 Range: 17
BC170,8/10/2011,"$7,000.00 ",Quarter: SW/4 Section: 31 Township: 38 Range: 16 Subdiv...
BC184,7/1/2010,"$10,000.00 ",Section: 6 Township: 36 Range: 16
BC270,4/25/2012,$200.00 ,Quarter: NE/4 Section: 35 Township: 38 Range: 17
BC291,7/27/2012,"$5,534.00 ",Quarter: SE/4 Section: 10 Township: 37 Range: 15 Subdiv...
BC299,9/17/2012,"$3,000.00 ",Quarter: NW/4 Section: 16 Township: 35 Range: 16
BC321,9/23/2012,"$5,000.00 ",Section: 8 Township: 36 Range: 15 Subdivision: LAKESIDE...
BC326,1/16/2013,"$35,000.00 ",Section: 35 Township: 36 Range: 16
BC331,9/14/2012,"$85,000.00 ",0
BC337,11/30/2012,"$90,000.00 ",Quarter: NW/4 Section: 26 Township: 37 Range: 15
BC342,3/6/2013,"$2,500.00 ",Quarter: SW/4 Section: 26 Township: 37 Range: 16
BC343,4/8/2013,$200.00 ,Section: 56 Township: 36 Range: 15
BC366,8/3/2013,"$17,000.00 ",0 Subdivision: SIKIS VILLAGE MHP
BC380,7/3/2013,"$5,000.00 ",Section: 15 Township: 38 Range: 17
BC404,11/2/2012,"$8,000.00 ",Section: 1 Township: 35 Range: 14
BC436,2/6/2014,"$1,500.00 ",Section: 16 Township: 35 Range: 16
BC469,3/25/2014,"$3,000.00 ",0 Subdivision: ESCALANTE MHP
BC482,4/18/2014,"$11,000.00 ",0
BC485,3/25/2014,"$35,050.00 ",0 Subdivision: POLICH MINOR Lot: 2
BC488,2/27/2014,"$90,000.00 ",Quarter: NE/4 Section: 18 Township: 36 Range: 14 Subdiv...
BC497,3/19/2014,"$6,000.00 ",Quarter: N/W Section: 33 Township: 38 Range: 16
BC515,2/1/2014,"$5,000.00 ",Quarter: NW/4 Section: 35 Township: 36 Range: 16
BC533,7/21/2014,"$30,000.00 ",Quarter: SW1/4 Section: 2 Township: 36 Range: 15
BC551,9/2/2014,"$8,750.00 ",0
BC608,4/1/2015,"$2,000.00 ",Quarter: NE/4 Section: 18 Township: 36 Range: 14 Subdiv...
DS15,6/14/2011,"$12,000.00 ",0 Subdivision: SIKIS VILLAGE MHP
DS31,12/9/2011,"$9,000.00 ",Section: 8 Township: 35 Range: 16
JN14,5/26/2011,"$5,000.00 ",Section: 3 Township: 37 Range: 17
JN20,11/1/2010,"$20,000.00 ",Quarter: SE/4 Section: 20 Township: 35 Range: 16
JN26,11/10/2011,"$18,000.00 ",Quarter: NE/4 Section: 23 Township: 36 Range: 16
LB078,2/17/2010,"$121,000.00 ",Section: 4 Township: 36 Range: 16
LB102,5/21/2010,"$3,000.00 ",Quarter: NW/4 Section: 31 Township: 37 Range: 15
LB107,9/2/2010,"$18,000.00 ",Section: 3 Township: 37 Range: 16
LB116,10/27/2010,"$1,000.00 ",Section: 8 Township: 36 Range: 15
LB132,2/2/2011,"$1,000.00 ",Quarter: NE/4 Section: 29 Township: 38 Range: 16
LB228,9/28/2012,"$26,500.00 ",0 Subdivision: MCPHEE MHP
LB242,2/1/2013,"$95,000.00 ",Quarter: SW/4 Section: 12 Township: 36 Range: 14
LB272,5/24/2013,"$2,305.00 ",Section: 2 Township: 37 Range: 16
LB274,6/28/2013,"$25,000.00 ",Quarter: NE/4 Section: 28 Township: 36 Range: 13
LB287,1/10/2014,"$14,000.00 ",Quarter: NW/4 Section: 32 Township: 38 Range: 17
LB288,9/1/2013,"$11,000.00 ",Quarter: NE/4 Section: 28 Township: 37 Range: 16
LB300,2/21/2014,"$15,000.00 ",Section: 10 Township: 35 Range: 16
LB306,2/1/2014,"$25,000.00 ",Quarter: NW/4 Section: 32 Township: 37 Range: 16
LB315,7/30/2014,"$12,500.00 ",Quarter: SW1/4 Section: 27 Township: 38 Range: 14
LB318,7/1/2014,"$17,500.00 ",Section: 35 Township: 36 Range: 16 Subdivision: NILSSON
LB330,10/10/2014,"$15,000.00 ",Section: 14 Township: 35 Range: 16
LB49,7/28/2009,"$40,000.00 ",Section: 9 Township: 36 Range: 16
LB51,7/23/2009,"$8,000.00 ",Section: 29 Township: 36 Range: 13
LB57,9/16/2009,"$11,194.00 ",Section: 15 Township: 35 Range: 16
LB71,11/1/2009,"$4,700.00 ",Section: 3 Township: 37 Range: 17
LB91,7/1/2008,"$4,500.00 ",Quarter: NW/4 Section: 35 Township: 36 Range: 16 Subdiv...
LB93,4/1/2010,"$2,000.00 ",Quarter: NE/4 Section: 12 Township: 37 Range: 18
P122,2/24/2012,"$4,600.00 ",Quarter: SE/4 Section: 21 Township: 37 Range: 16 Subdiv...
P2182,1/26/2010,"$25,000.00 ",Quarter: NW/4 Section: 15 Township: 37 Range: 16
P827,8/27/2012,"$1,000.00 ",Section: 17 Township: 36 Range: 14
PP918,9/18/2009,"$6,500.00 ",Quarter: SE/4 Section: 16 Township: 37 Range: 15
SLH28,8/15/2014,"$8,500.00 ",Quarter: SE1/4 Section: 33 Township: 39 Range: 17
SLH30,9/2/2014,$500.00 ,Section: 6 Township: 36 Range: 15
SLH32,8/27/2014,"$4,000.00 ",Quarter: NW/4 Section: 30 Township: 38 Range: 17
SLH35,10/14/2014,"$23,000.00 ",0 Subdivision: GLADE MHP
SLH51,12/29/2014,$500.00 ,Quarter: NE/4 Section: 33 Township: 37 Range: 15