"","ID","Date","Price","Location"
"1","553664","1/4/2008","240000","Section: 8 Township: 36 Range: 15 Subdivision: VERDE VI..."
"2","553770","1/11/2008","385000","Quarter: NE/4 Section: 34 Township: 37 Range: 14 Subdiv..."
"3","553846","1/11/2008","114000","Section: 7 Township: 35 Range: 16 Subdivision: SAGE HIL..."
"4","554052","1/28/2008","187000","Subdivision: SUNNYSIDE Lot: 15-16 Block: 1 B386 P396 B6..."
"5","554143","1/31/2008","139000","Section: 26 Township: 36 Range: 16"
"6","554188","1/18/2008","337500","Quarter: SW/4 Section: 12 Township: 36 Range: 15"
"7","554270","2/8/2008","150000","Quarter: NW/4 Section: 35 Township: 36 Range: 16 Subdiv..."
"8","554372","2/12/2008","63000","Quarter: NW/4 Section: 26 Township: 36 Range: 16 Subdiv..."
"9","554384","2/4/2008","155000","Section: 35 Township: 37 Range: 15 TR S1/2SW1/4 3.00AC ..."
"10","554409","2/14/2008","128000","Section: 26 Township: 36 Range: 16"
"11","554667","2/28/2008","125000","Section: 34 Township: 37 Range: 15"
"12","554706","2/29/2008","270000","Quarter: SW/4 Section: 18 Township: 36 Range: 15 Subdiv..."
"13","554931","3/12/2008","142900","Section: 22 Township: 36 Range: 15 2.15 AC (USA OWNS AL..."
"14","554968","3/13/2008","300000","Quarter: SW/4 Section: 11 Township: 37 Range: 15"
"15","554974","3/7/2008","127000","Sixteenth: E/2 Quarter: NW/4 Section: 19 Township: 36 Ra..."
"16","554982","3/10/2008","195000","Section: 9 Township: 36 Range: 16"
"17","554992","3/14/2008","200000","Quarter: SE/4 Section: 33 Township: 37 Range: 14 Subdiv..."
"18","555055","3/14/2008","250000","Subdivision: TIBBITS-REYNOLDS Block: 7 LOT: 7 THRU:- LOT..."
"19","555087","3/18/2008","55000","Quarter: SE/4 Section: 20 Township: 36 Range: 15"
"20","555111","3/20/2008","200000","Sixteenth: S/2 Quarter: SE/4 Section: 17 Township: 36 Ra..."
"21","555182","3/24/2008","311000","Quarter: NW/4 Section: 18 Township: 36 Range: 16 Subdiv..."
"22","555259","3/28/2008","74000","Section: 9 Township: 35 Range: 16 Subdivision: MCLAUGHL..."
"23","555328","3/21/2008","66000","Sixteenth: NE Quarter: NW/4 Section: 11 Township: 36 Ran..."
"24","555330","3/31/2008","301500","Quarter: NE/4 Section: 26 Township: 36 Range: 16 Subdiv..."
"25","555398","4/4/2008","75000","Quarter: NW/4 Section: 35 Township: 36 Range: 16"
"26","555442","4/7/2008","140000","Quarter: NW/4 Section: 14 Township: 35 Range: 16"
"27","555609","4/15/2008","335000","Quarter: SW/4 Section: 21 Township: 36 Range: 13 Subdiv..."
"28","555617","4/15/2008","272000","Section: 8 Township: 35 Range: 16 Subdivision: GOODWIN ..."
"29","555718","4/18/2008","159000","Quarter: SW/4 Section: 28 Township: 36 Range: 13 Subdiv..."
"30","555755","4/21/2008","255000","Quarter: SW/4 Section: 36 Township: 39 Range: 14 Subdiv..."
"31","555789","4/22/2008","292500","Quarter: NE/4 Section: 26 Township: 36 Range: 16 Subdiv..."
"32","555859","4/25/2008","150000","Quarter: NW/4 Section: 35 Township: 36 Range: 16 Subdiv..."
"33","555860","4/25/2008","120000","Quarter: SW/4 Section: 14 Township: 37 Range: 16"
"34","555988","4/30/2008","270000","Quarter: NW/4 Section: 25 Township: 37 Range: 15"
"35","556000","4/28/2008","208400","Section: 9 Township: 36 Range: 15 Subdivision: HIGHLINE..."
"36","556009","4/30/2008","415000","Quarter: NW/4 Section: 32 Township: 37 Range: 14 Subdiv..."
"37","556031","5/1/2008","120000","Quarter: NE/4 Section: 34 Township: 36 Range: 16"
"38","556080","5/1/2008","50000","Quarter: NE/4 Section: 21 Township: 37 Range: 17 Subdiv..."
"39","556111","5/2/2008","90000","Section: 6 Township: 37 Range: 16 Subdivision: SUNNYSID..."
"40","556158","5/6/2008","30000","Quarter: NW/4 Section: 28 Township: 36 Range: 14 Subdiv..."
"41","556198","5/8/2008","33000","Quarter: SW/4 Section: 20 Township: 36 Range: 15 Subdiv..."
"42","556211","5/9/2008","219000","Quarter: SW/4 Section: 15 Township: 36 Range: 16"
"43","556223","5/9/2008","137000","Section: 5 Township: 35 Range: 16 Subdivision: VALLEY V..."
"44","556288","5/14/2008","140000","Quarter: NE/4 Section: 33 Township: 38 Range: 16"
"45","556297","5/14/2008","370000","Quarter: SE/4 Section: 35 Township: 37 Range: 16 Subdiv..."
"46","556370","5/16/2008","165000","Quarter: NE/4 Section: 24 Township: 36 Range: 16 Subdiv..."
"47","556407","5/16/2008","95000","Quarter: SW/4 Section: 19 Township: 37 Range: 16 Subdiv..."
"48","556453","5/23/2008","400000","Quarter: NW/4 Section: 22 Township: 36 Range: 13"
"49","556457","5/22/2008","96400","Quarter: SE/4 Section: 34 Township: 37 Range: 16"
"50","556461","5/14/2008","250000","Section: 6 Township: 36 Range: 15"
"51","556591","5/30/2008","322500","Section: 17 Township: 37 Range: 15 Subdivision: ADAMS L..."
"52","556604","5/30/2008","195000","Quarter: SE/4 Section: 27 Township: 36 Range: 16 Subdiv..."
"53","556700","5/30/2008","80000","Quarter: SW/4 Section: 31 Township: 37 Range: 15 Subdiv..."
"54","556798","6/9/2008","335000","Quarter: NE/4 Section: 21 Township: 37 Range: 17"
"55","556968","6/16/2008","299900","Quarter: NE/4 Section: 33 Township: 36 Range: 18"
"56","557034","6/18/2008","120000","Quarter: SE/4 Section: 25 Township: 38 Range: 17"
"57","557081","6/20/2008","78900","Section: 9 Township: 36 Range: 16"
"58","557091","6/20/2008","60000","Sixteenth: SE/4 Quarter: NE/4 Section: 31 Township: 35 R..."
"59","557137","2/18/2008","40100","Quarter: NW/4 Section: 24 Township: 36 Range: 16 Subdiv..."
"60","557145","6/24/2008","315000","Section: 2 Township: 36 Range: 16"
"61","557211","6/26/2008","219000","Quarter: NW/4 Section: 16 Township: 36 Range: 15"
"62","557225","6/26/2008","196900","Section: 13 Township: 36 Range: 17 Subdivision: FOURWIN..."
"63","557264","6/27/2008","165000","Quarter: NW/4 Section: 28 Township: 36 Range: 13 Subdiv..."
"64","557266","6/27/2008","288000","Quarter: NE/4 Section: 24 Township: 36 Range: 16 Subdiv..."
"65","557305","6/30/2008","182000","Quarter: NW/4 Section: 35 Township: 36 Range: 16 Subdiv..."
"66","557344","7/2/2008","185000","Quarter: SE/4 Section: 34 Township: 37 Range: 14"
"67","557427","7/8/2008","150000","Quarter: SE/4 Section: 16 Township: 36 Range: 16"
"68","557458","7/10/2008","158000","Quarter: SW/4 Section: 34 Township: 37 Range: 16 Subdiv..."
"69","557544","7/15/2008","225000","Quarter: NE/4 Section: 31 Township: 37 Range: 15"
"70","557563","7/15/2008","305000","Quarter: SE/4 Section: 17 Township: 36 Range: 15"
"71","557610","7/17/2008","45900","Quarter: NW/4 Section: 35 Township: 36 Range: 16 Subdiv..."
"72","557611","7/17/2008","184900","Quarter: NW/4 Section: 35 Township: 36 Range: 16 Subdiv..."
"73","557645","6/30/2008","200000","Quarter: SW/4 Section: 12 Township: 37 Range: 15"
"74","557684","7/15/2008","485000","Quarter: SW/4 Section: 31 Township: 37 Range: 16"
"75","557705","7/23/2008","70000","Quarter: NE Section: 26 Township: 36 Range: 16"
"76","557726","7/23/2008","143000","Quarter: NW/4 Section: 28 Township: 36 Range: 13 Subdiv..."
"77","557813","7/28/2008","169000","Quarter: NW/4 Section: 25 Township: 36 Range: 16 Subdiv..."
"78","557820","7/29/2008","275300","Section: 7 Township: 37 Range: 16"
"79","557879","7/30/2008","330000","Sixteenth: SE Quarter: NE/4 Section: 36 Township: 36 Ran..."
"80","557883","7/30/2008","171000","Quarter: NW/4 Section: 17 Township: 36 Range: 16"
"81","557886","7/31/2008","150000","Quarter: SE/4 Section: 30 Township: 35 Range: 16 Subdiv..."
"82","557936","7/31/2008","240000","Quarter: NE/4 Section: 21 Township: 38 Range: 17 Subdiv..."
"83","557958","7/31/2008","107500","Quarter: NW/4 Section: 35 Township: 36 Range: 16 Subdiv..."
"84","557972","8/1/2008","232000","Section: 1 Township: 35 Range: 16 TR IN SE1/4NW1/4 5A ..."
"85","557986","7/31/2008","45000","Quarter: NW/4 Section: 13 Township: 36 Range: 17 Subdiv..."
"86","558016","8/5/2008","120000","Quarter: NW/4 Section: 30 Township: 35 Range: 16 Subdiv..."
"87","558040","8/6/2008","138500","Quarter: NW/4 Section: 30 Township: 36 Range: 15 Subdiv..."
"88","558077","8/7/2008","150000","Quarter: SE/4 Section: 36 Township: 38 Range: 17"
"89","558098","8/8/2008","112000","Quarter: NE/4 Section: 15 Township: 35 Range: 16 Subdiv..."
"90","558137","8/11/2008","20000","Sixteenth: NW Quarter: SW/4 Section: 10 Township: 35 Ran..."
"91","558168","8/12/2008","260000","Quarter: NE/4 Section: 16 Township: 37 Range: 15 Subdiv..."
"92","558236","8/5/2008","15000","Sixteenth: SE Quarter: NW Section: 4 Township: 35 Range:..."
"93","558384","8/22/2008","265000","Quarter: NE/4 Section: 10 Township: 35 Range: 16 Subdiv..."
"94","558396","7/22/2008","197500","Quarter: NE/4 Section: 34 Township: 36 Range: 16"
"95","558397","8/25/2008","197500","Quarter: NE/4 Section: 34 Township: 36 Range: 16"
"96","558431","8/27/2008","75000","Quarter: NW/4 Section: 26 Township: 36 Range: 13"
"97","558530","8/29/2008","184000","Quarter: NE/4 Section: 13 Township: 37 Range: 15 Subdiv..."
"98","558533","8/29/2008","155000","Section: 8 Township: 38 Range: 17"
"99","558570","9/3/2008","25000","Quarter: NW/4 Section: 15 Township: 36 Range: 16"
"100","558599","9/5/2008","34200","Quarter: NE/4 Section: 34 Township: 36 Range: 16"
"101","558612","9/5/2008","275000","Section: 6 Township: 36 Range: 15"
"102","558614","9/8/2008","300000","Section: 7 Township: 36 Range: 15"
"103","558678","9/10/2008","148000","Quarter: NE/4 Section: 26 Township: 36 Range: 16"
"104","558796","9/16/2008","265000","Quarter: NW/4 Section: 21 Township: 37 Range: 16"
"105","558886","9/19/2008","118000","Quarter: NW/4 Section: 35 Township: 36 Range: 16 Subdiv..."
"106","559125","9/25/2008","186800","Quarter: SE/4 Section: 10 Township: 37 Range: 15 Subdiv..."
"107","559136","9/29/2008","215000","Quarter: NE/4 Section: 10 Township: 35 Range: 16 Subdiv..."
"108","559141","9/29/2008","152300","Quarter: SE/4 Section: 15 Township: 38 Range: 14 Subdiv..."
"109","559154","9/29/2008","260000","Quarter: NE/4 Section: 15 Township: 36 Range: 13"
"110","559344","10/9/2008","100000","Quarter: SW/4 Section: 26 Township: 37 Range: 15"
"111","559392","10/6/2008","247900","0 Subdivision: FLYING ROGUE RANCH Lot: 13A"
"112","559607","10/22/2008","313000","Quarter: NE/4 Section: 26 Township: 36 Range: 16 Subdiv..."
"113","559896","11/3/2008","25000","0 Subdivision: SAN JUAN PARK Block: 10 Lot: 6"
"114","559970","11/7/2008","145000","Quarter: NW/4 Section: 22 Township: 36 Range: 16"
"115","560010","11/12/2008","329000","Quarter: NE/4 Section: 24 Township: 36 Range: 16 Subdiv..."
"116","560027","11/14/2008","254900","Quarter: NW/4 Section: 24 Township: 37 Range: 17 Subdiv..."
"117","560213","11/25/2008","75000","Section: 6 Township: 36 Range: 16"
"118","560290","11/26/2008","280000","Section: 9 Township: 36 Range: 16 Subdivision: TULAROSA..."
"119","560338","12/1/2008","375000","Section: 2 Township: 36 Range: 16 Subdivision: MILDRED ..."
"120","560387","12/3/2008","157200","Quarter: NW/4 Section: 35 Township: 36 Range: 16 Subdiv..."
"121","560432","12/5/2008","150000","Section: 8 Township: 37 Range: 16 Subdivision: CAROL EV..."
"122","560464","11/4/2008","90000","Sixteenth: NE/4 Quarter: NE/4 Section: 16 Township: 37 R..."
"123","560517","12/12/2008","65700","Section: 2 Township: 36 Range: 16 Subdivision: LEBANON ..."
"124","560579","12/16/2008","129000","Quarter: NE/4 Section: 34 Township: 36 Range: 16 TR 100..."
"125","560600","12/18/2008","70000","Quarter: NW/4 Section: 25 Township: 37 Range: 15"
"126","560602","12/19/2008","210000","Quarter: NE/4 Section: 28 Township: 36 Range: 13"
"127","560627","12/19/2008","335000","Section: 6 Township: 36 Range: 15"
"128","560779","12/30/2008","264000","Quarter: SE/4 Section: 30 Township: 36 Range: 16 Subdiv..."
"129","560830","12/18/2008","40800","Section: 1 Township: 36 Range: 15"
"130","560909","12/4/2008","210000","Quarter: NE/4 Section: 17 Township: 36 Range: 16"
"131","561024","1/14/2009","192000","Quarter: SE/4 Section: 34 Township: 36 Range: 16"
"132","561061","1/15/2009","277500","Section: 1 Township: 36 Range: 16 Subdivision: SCHWARZK..."
"133","561141","1/16/2009","140000","Quarter: NE/4 Section: 28 Township: 36 Range: 13"
"134","561191","1/22/2009","200000","Section: 19 Township: 37 Range: 15"
"135","561322","2/2/2009","375000","Quarter: SW/4 Section: 24 Township: 36 Range: 14"
"136","561507","9/2/2008","56000","Section: 3 Township: 36 Range: 15"
"137","561537","2/9/2009","343500","Quarter: SE/4 Section: 33 Township: 36 Range: 17"
"138","561578","11/13/2008","300000","Quarter: SW/4 Section: 31 Township: 37 Range: 16 Subdiv..."
"139","561657","2/13/2009","80000","Section: 16 Township: 37 Range: 15"
"140","561709","2/17/2009","125200","Section: 5 Township: 35 Range: 16 Subdivision: VALLEY V..."
"141","561735","2/19/2009","258000","Quarter: NE/4 Section: 29 Township: 36 Range: 14 Subdiv..."
"142","561832","2/23/2009","142500","Quarter: NW/4 Section: 30 Township: 35 Range: 16 Subdiv..."
"143","561863","2/25/2009","50000","Quarter: NW/4 Section: 11 Township: 38 Range: 18"
"144","561959","3/2/2009","46000","Quarter: NW Section: 4 Township: 35 Range: 16 Subdivisi..."
"145","562104","3/6/2009","165000","Section: 29 Township: 38 Range: 16"
"146","562261","3/16/2009","100000","Quarter: NW/4 Section: 16 Township: 35 Range: 16"
"147","562273","3/16/2009","245000","Section: 24 Township: 36 Range: 16"
"148","562327","3/20/2009","157000","Section: 26 Township: 36 Range: 16"
"149","562476","3/26/2009","60000","Quarter: NW/4 Section: 11 Township: 38 Range: 18"
"150","562514","3/27/2009","96000","Section: 11 Township: 36 Range: 16"
"151","562536","3/30/2009","68500","Quarter: NE/4 Section: 28 Township: 36 Range: 14 Subdiv..."
"152","562667","4/1/2009","320000","Quarter: NW/4 Section: 28 Township: 37 Range: 14 Subdiv..."
"153","562669","3/19/2009","141500","Section: 33 Township: 36 Range: 13"
"154","562762","4/6/2009","200000","Quarter: NE/4 Section: 24 Township: 36 Range: 16 Subdiv..."
"155","562774","4/9/2009","109000","Section: 5 Township: 35 Range: 13"
"156","562921","4/15/2009","217500","Section: 8 Township: 36 Range: 16"
"157","562972","4/17/2009","149900","Quarter: NW/4 Section: 35 Township: 36 Range: 16 Subdiv..."
"158","563241","4/29/2009","170000","Section: 28 Township: 36 Range: 13"
"159","563380","5/4/2009","250000","Quarter: NW/4 Section: 31 Township: 37 Range: 15 Subdiv..."
"160","563429","5/7/2009","75000","Quarter: SW/4 Section: 36 Township: 39 Range: 14"
"161","563480","5/8/2009","30000","Section: 6 Township: 38 Range: 17"
"162","563594","5/13/2009","45000","Section: 26 Township: 36 Range: 16"
"163","563729","5/18/2009","65000","0 Subdivision: SCHWARZKOPF ACRES 5 LOT MODERATE Lot: A"
"164","563796","5/21/2009","78000","Section: 8 Township: 37 Range: 16 Subdivision: DAKOTAS ..."
"165","563863","5/22/2009","165500","Quarter: NW Section: 4 Township: 35 Range: 16 Subdivisi..."
"166","563865","5/23/2009","55000","Quarter: NW/4 Section: 13 Township: 36 Range: 17"
"167","563925","5/22/2009","295000","Quarter: SE/4 Section: 17 Township: 38 Range: 17"
"168","563925","5/22/2009","295000","Quarter: SE/4 Section: 17 Township: 38 Range: 17"
"169","563925","5/22/2009","295000","Quarter: SE/4 Section: 17 Township: 38 Range: 17"
"170","563925","5/22/2009","295000","Quarter: SE/4 Section: 17 Township: 38 Range: 17"
"171","564050","6/1/2009","299800","Quarter: NE/4 Section: 26 Township: 36 Range: 16 Subdiv..."
"172","564153","6/4/2009","111000","Quarter: NE/4 Section: 20 Township: 37 Range: 15 Subdiv..."
"173","564571","6/23/2009","56500","Quarter: NW/4 Section: 28 Township: 36 Range: 13 Subdiv..."
"174","564611","6/26/2009","96000","Quarter: NW/4 Section: 26 Township: 36 Range: 16 Subdiv..."
"175","564616","6/26/2009","72000","Quarter: NE/4 Section: 15 Township: 36 Range: 16 Subdiv..."
"176","564826","7/1/2009","69900","Quarter: NE/4 Section: 24 Township: 36 Range: 16 Subdiv..."
"177","564843","6/30/2009","250000","Section: 9 Township: 36 Range: 15 Subdivision: HIGHLINE..."
"178","564888","7/6/2009","121500","Section: 9 Township: 36 Range: 15 Subdivision: HIGHLINE..."
"179","564986","7/10/2009","250000","Section: 5 Township: 35 Range: 16 Subdivision: VALLEY V..."
"180","565083","7/14/2009","350000","Quarter: NE/4 Section: 27 Township: 39 Range: 18"
"181","565165","7/16/2009","147500","Quarter: SW/4 Section: 19 Township: 36 Range: 15"
"182","565166","7/17/2009","300000","Quarter: NW/4 Section: 13 Township: 36 Range: 13"
"183","565223","7/17/2009","430000","Quarter: NW/4 Section: 27 Township: 36 Range: 14 Subdiv..."
"184","565323","7/23/2009","162400","Quarter: NW/4 Section: 30 Township: 36 Range: 15"
"185","565477","7/29/2009","80000","Quarter: SE/4 Section: 15 Township: 36 Range: 16"
"186","565484","7/30/2009","260000","Section: 1 Township: 34 Range: 17"
"187","565488","7/30/2009","200000","Quarter: SE/4 Section: 34 Township: 37 Range: 14"
"188","565489","7/30/2009","245000","Quarter: NE/4 Section: 26 Township: 36 Range: 16 Subdiv..."
"189","565511","7/31/2009","162400","Section: 26 Township: 36 Range: 16"
"190","565836","8/11/2009","175000","Section: 1 Township: 36 Range: 14 Subdivision: SHILO Lo..."
"191","565865","8/14/2009","225000","Quarter: SW/4 Section: 28 Township: 36 Range: 13 Subdiv..."
"192","566019","8/19/2009","160800","Section: 10 Township: 36 Range: 13"
"193","566333","8/28/2009","100000","Section: 3 Township: 35 Range: 16"
"194","566340","9/4/2009","169000","Section: 7 Township: 37 Range: 16"
"195","566445","9/10/2009","215000","Section: 36 Township: 37 Range: 16"
"196","566617","9/18/2009","255000","Quarter: NW/4 Section: 25 Township: 37 Range: 15"
"197","566697","9/21/2009","125000","Section: 26 Township: 36 Range: 16"
"198","566858","9/29/2009","75000","Quarter: NW/4 Section: 13 Township: 36 Range: 14"
"199","566880","9/25/2009","123000","Quarter: NW/4 Section: 35 Township: 36 Range: 16 Subdiv..."
"200","566894","9/30/2009","125000","0 Subdivision: WEST FORK RANCH CABIN SITES Tract: 17"
"201","566901","9/25/2009","115000","Quarter: NW/4 Section: 24 Township: 37 Range: 17"
"202","566926","9/28/2009","260000","Section: 4 Township: 36 Range: 16"
"203","567027","10/7/2009","30000","Quarter: SW Section: 3 Township: 38 Range: 17 Subdivisi..."
"204","567067","10/8/2009","242500","Quarter: SW/4 Section: 18 Township: 36 Range: 15 Subdiv..."
"205","567133","10/13/2009","159100","Section: 34 Township: 36 Range: 18"
"206","567167","10/14/2009","110000","Quarter: SE/4 Section: 27 Township: 36 Range: 16 Subdiv..."
"207","567215","10/15/2009","350000","Section: 5 Township: 35 Range: 15"
"208","567244","10/19/2009","246000","Quarter: SW/4 Section: 35 Township: 37 Range: 16"
"209","567269","10/20/2009","83600","Quarter: NE/4 Section: 16 Township: 36 Range: 16"
"210","567370","10/26/2009","382500","Section: 2 Township: 36 Range: 16 Subdivision: MILDRED ..."
"211","567385","10/23/2009","197000","Quarter: SE/4 Section: 34 Township: 37 Range: 14"
"212","567429","10/29/2009","140000","Section: 16 Township: 37 Range: 16"
"213","567553","11/3/2009","91000","Section: 1 Township: 36 Range: 14 Subdivision: LONE PIN..."
"214","567617","11/9/2009","350000","Sixteenth: SE Quarter: NW Section: 17 Township: 37 Range..."
"215","567774","11/17/2009","195000","Section: 9 Township: 36 Range: 15"
"216","567860","11/20/2009","62500","Quarter: NE/4 Section: 33 Township: 37 Range: 14 Subdiv..."
"217","567892","11/20/2009","151900","Section: 10 Township: 35 Range: 16 TR SE1/4SE1/4 3.04A ..."
"218","567934","11/25/2009","133500","Quarter: SW/4 Section: 35 Township: 37 Range: 16"
"219","567937","11/25/2009","161400","Quarter: SW Section: 3 Township: 38 Range: 17 Subdivisi..."
"220","568019","12/2/2009","387000","Section: 2 Township: 36 Range: 16 Subdivision: LEBANON ..."
"221","568038","12/2/2009","60000","Quarter: NW/4 Section: 35 Township: 36 Range: 16"
"222","568038","12/2/2009","60000","Quarter: NW/4 Section: 35 Township: 36 Range: 16"
"223","568038","12/2/2009","60000","Quarter: NW/4 Section: 35 Township: 36 Range: 16"
"224","568038","12/2/2009","60000","Quarter: NW/4 Section: 35 Township: 36 Range: 16"
"225","568038","12/2/2009","60000","Quarter: NW/4 Section: 35 Township: 36 Range: 16"
"226","568038","12/2/2009","60000","Quarter: NW/4 Section: 35 Township: 36 Range: 16"
"227","568038","12/2/2009","60000","Quarter: NW/4 Section: 35 Township: 36 Range: 16"
"228","568038","12/2/2009","60000","Quarter: NW/4 Section: 35 Township: 36 Range: 16"
"229","568038","12/2/2009","60000","Quarter: NW/4 Section: 35 Township: 36 Range: 16"
"230","568044","11/19/2009","83600","Quarter: NE/4 Section: 16 Township: 36 Range: 16"
"231","568072","12/7/2009","300000","Quarter: SW/4 Section: 22 Township: 36 Range: 14 Subdiv..."
"232","568136","12/3/2009","132000","Quarter: NE/4 Section: 33 Township: 37 Range: 14 Subdiv..."
"233","568160","11/6/2009","90000","Section: 7 Township: 35 Range: 16 Subdivision: SAGE HIL..."
"234","568189","12/11/2009","145000","Quarter: SW/4 Section: 10 Township: 37 Range: 16"
"235","568293","12/14/2009","90000","Section: 6 Township: 36 Range: 13"
"236","568342","12/18/2009","269000","Quarter: SW/4 Section: 31 Township: 37 Range: 16"
"237","568347","11/11/2009","175000","Quarter: SW/4 Section: 19 Township: 37 Range: 16 Subdiv..."
"238","568351","12/17/2009","140000","Quarter: NE/4 Section: 19 Township: 39 Range: 17"
"239","568361","12/18/2009","228500","Quarter: SE/4 Section: 34 Township: 37 Range: 14"
"240","568418","12/23/2009","200000","Section: 6 Township: 37 Range: 16 Subdivision: SUNNYSID..."
"241","568510","12/22/2009","91000","Section: 1 Township: 36 Range: 14 Subdivision: LONE PIN..."
"242","568649","1/8/2010","169000","0 Subdivision: LEBANON TOWNSITE Block: 24 Lot: 1-4"
"243","568724","1/13/2010","70000","Quarter: NE/4 Section: 31 Township: 35 Range: 16"
"244","568778","1/14/2010","199000","Section: 7 Township: 36 Range: 15"
"245","568823","1/19/2010","35000","Quarter: SW/4 Section: 11 Township: 35 Range: 16"
"246","569112","2/8/2010","165000","Quarter: SE/4 Section: 10 Township: 37 Range: 15 Subdiv..."
"247","569136","2/10/2010","470000","Quarter: SW/4 Section: 31 Township: 37 Range: 16"
"248","569271","2/12/2010","175000","Quarter: SE/4 Section: 30 Township: 36 Range: 13"
"249","569332","2/19/2010","55000","Quarter: SE/4 Section: 26 Township: 39 Range: 17 Subdiv..."
"250","569408","2/25/2010","223500","Quarter: NW/4 Section: 30 Township: 36 Range: 15 Subdiv..."
"251","569440","2/26/2010","210000","Quarter: NW/4 Section: 11 Township: 36 Range: 16"
"252","569477","3/2/2010","390000","Quarter: NE/4 Section: 24 Township: 36 Range: 16 Subdiv..."
"253","569697","3/18/2010","139900","Quarter: NE/4 Section: 16 Township: 37 Range: 15 Subdiv..."
"254","569741","3/19/2010","139900","Quarter: NW/4 Section: 35 Township: 36 Range: 16 Subdiv..."
"255","569910","3/26/2010","160000","Section: 26 Township: 36 Range: 16"
"256","569977","3/26/2010","185000","Subdivision: GEORGE BAUERS (FIRST & SECOND) Lot: 1 Block..."
"257","569983","3/31/2010","220000","Quarter: SW/4 Section: 14 Township: 36 Range: 16"
"258","570093","3/26/2010","255000","Section: 9 Township: 36 Range: 16 Subdivision: TULAROSA..."
"259","570132","4/8/2010","62500","Quarter: NW/4 Section: 22 Township: 36 Range: 16"
"260","570187","4/12/2010","280000","Section: 2 Township: 36 Range: 16 Subdivision: MILDRED ..."
"261","570223","4/13/2010","325000","Section: 2 Township: 36 Range: 16 Subdivision: MILDRED ..."
"262","570263","4/15/2010","238500","Quarter: NE/4 Section: 26 Township: 36 Range: 16 Subdiv..."
"263","570280","4/16/2010","135500","Quarter: NW/4 Section: 15 Township: 36 Range: 16"
"264","570313","4/21/2010","45000","Quarter: SW/4 Section: 33 Township: 36 Range: 15 Subdiv..."
"265","570429","4/23/2010","175000","Quarter: NE/4 Section: 17 Township: 36 Range: 15"
"266","570486","4/28/2010","325000","Quarter: NW/4 Section: 20 Township: 35 Range: 16"
"267","570532","4/30/2010","165000","Quarter: NW/4 Section: 24 Township: 36 Range: 16 Subdiv..."
"268","570540","4/30/2010","157500","Quarter: NW/4 Section: 35 Township: 36 Range: 16 Subdiv..."
"269","570554","5/1/2010","30000","Sixteenth: NW Quarter: SW/4 Section: 10 Township: 35 Ran..."
"270","570584","4/30/2010","306000","Quarter: NE/4 Section: 36 Township: 36 Range: 16"
"271","570598","5/4/2010","200000","Section: 9 Township: 36 Range: 13"
"272","570640","5/6/2010","75000","Section: 1 Township: 36 Range: 14"
"273","570782","5/14/2010","349900","Quarter: NE/4 Section: 20 Township: 36 Range: 16"
"274","570785","5/14/2010","38000","Quarter: SW Section: 33 Township: 36 Range: 15 Subdivis..."
"275","570792","5/14/2010","150000","Sixteenth: NW Quarter: NW Section: 35 Township: 36 Range..."
"276","570863","5/17/2010","265000","Quarter: SE/4 Section: 29 Township: 36 Range: 13 Subdiv..."
"277","570865","5/17/2010","234200","Quarter: NE/4 Section: 24 Township: 36 Range: 16 Subdiv..."
"278","571031","5/27/2010","182700","Section: 34 Township: 36 Range: 18"
"279","571039","5/27/2010","90000","Quarter: SW/4 Section: 18 Township: 36 Range: 15 Subdiv..."
"280","571050","4/30/2010","198000","Quarter: NE Section: 30 Township: 38 Range: 17 Subdivis..."
"281","571060","6/1/2010","100000","Quarter: SW/4 Section: 18 Township: 36 Range: 15 Subdiv..."
"282","571131","5/27/2010","157000","Section: 9 Township: 36 Range: 15 Subdivision: NOLAND P..."
"283","571202","6/10/2010","64500","Quarter: NW/4 Section: 35 Township: 36 Range: 16 Subdiv..."
"284","571290","6/15/2010","55900","Quarter: SW Section: 15 Township: 36 Range: 15 Subdivis..."
"285","571403","6/21/2010","150000","Section: 27 Township: 37 Range: 14 Subdivision: SUMMIT ..."
"286","571438","6/4/2010","86900","Quarter: NW/4 Section: 28 Township: 37 Range: 14 Subdiv..."
"287","571470","6/24/2010","110000","Quarter: SW/4 Section: 34 Township: 36 Range: 15"
"288","571482","6/24/2010","285000","Section: 5 Township: 35 Range: 13"
"289","571535","6/28/2010","200000","Subdivision: UTE MOUNTAIN RANCHES Lot: 11 Quarter: NW/4..."
"290","571596","6/30/2010","145700","Quarter: NW/4 Section: 35 Township: 36 Range: 16 Subdiv..."
"291","571663","7/7/2010","239500","Quarter: SE/4 Section: 17 Township: 36 Range: 15"
"292","571856","7/15/2010","158000","Quarter: NW/4 Section: 35 Township: 36 Range: 16 Subdiv..."
"293","571861","7/16/2010","165000","Section: 7 Township: 37 Range: 15 Subdivision: WINGSPRE..."
"294","571864","7/16/2010","154000","Quarter: SW/4 Section: 33 Township: 36 Range: 15 Subdiv..."
"295","571867","7/16/2010","140000","Quarter: NW/4 Section: 32 Township: 37 Range: 16"
"296","571959","7/23/2010","55000","Section: 2 Township: 353 Range: 14"
"297","571985","7/26/2010","64000","Quarter: NW/4 Section: 35 Township: 36 Range: 16 Subdiv..."
"298","572036","7/23/2010","49800","Section: 1 Township: 37 Range: 16 Subdivision: HILLTOP ..."
"299","572042","7/23/2010","99800","Section: 12 Township: 37 Range: 16 Subdivision: HOMESTE..."
"300","572042","7/23/2010","99800","Section: 12 Township: 37 Range: 16 Subdivision: HOMESTE..."
"301","572042","7/23/2010","99800","Section: 12 Township: 37 Range: 16 Subdivision: HOMESTE..."
"302","572042","7/23/2010","99800","Section: 12 Township: 37 Range: 16 Subdivision: HOMESTE..."
"303","572074","7/29/2010","259000","Quarter: SW/4 Section: 10 Township: 37 Range: 15 Subdiv..."
"304","572163","8/3/2010","190000","Quarter: SE/4 Section: 36 Township: 37 Range: 17 Subdiv..."
"305","572180","8/4/2010","445000","Quarter: SW/4 Section: 31 Township: 37 Range: 16 Subdiv..."
"306","572218","8/6/2010","320000","Quarter: SW/4 Section: 33 Township: 39 Range: 18"
"307","572251","7/20/2010","20000","Quarter: NW/4 Section: 15 Township: 35 Range: 16"
"308","572463","8/17/2010","184000","Quarter: SE/4 Section: 34 Township: 37 Range: 14"
"309","572496","8/17/2010","56500","Quarter: NW/4 Section: 18 Township: 35 Range: 16 Subdiv..."
"310","572506","8/20/2010","250000","Section: 20 Township: 37 Range: 15 Subdivision: MOUNTAI..."
"311","572542","8/23/2010","118000","Section: 5 Township: 36 Range: 16 Subdivision: STACY MO..."
"312","572564","8/20/2010","40000","0 Subdivision: HIGHLAND TERRACE #2 Lot: 12"
"313","572675","8/30/2010","51100","Quarter: NW/4 Section: 33 Township: 37 Range: 15"
"314","572701","8/26/2010","310000","Quarter: SE/4 Section: 11 Township: 37 Range: 15"
"315","572708","9/1/2010","460000","Subdivision: WINGSPREAD Lot: 7 Block: 1 S: 7 T: 37 R: 1..."
"316","572770","9/2/2010","385000","Tract: 39 Section: 4 Township: 38 Range: 12"
"317","572798","9/8/2010","100000","0 Subdivision: FLYING ROGUE RANCH Lot: 13A"
"318","572808","9/8/2010","150000","Section: 26 Township: 36 Range: 16"
"319","572850","9/10/2010","125000","Sixteenth: SE Quarter: SE Section: 3 Township: 35 Range:..."
"320","572872","8/31/2010","80500","Section: 4 Township: 35 Range: 16"
"321","573010","9/21/2010","160100","Quarter: NE/4 Section: 33 Township: 37 Range: 14 Subdiv..."
"322","573156","9/30/2010","148000","Quarter: SW/4 Section: 12 Township: 36 Range: 13"
"323","573337","10/13/2010","155000","Quarter: NW/4 Section: 28 Township: 36 Range: 14 Subdiv..."
"324","573370","10/14/2010","21000","Quarter: NE/4 Section: 24 Township: 36 Range: 16 Subdiv..."
"325","573444","10/19/2010","58000","Section: 12 Township: 36 Range: 13"
"326","573506","10/22/2010","55000","Section: 12 Township: 36 Range: 18"
"327","573553","10/26/2010","236000","Quarter: SW/4 Section: 33 Township: 36 Range: 15 Subdiv..."
"328","573572","10/27/2010","150000","Quarter: SW/4 Section: 33 Township: 36 Range: 17 Subdiv..."
"329","573810","11/8/2010","41000","Subdivision: UTE MOUNTAIN RANCHES Lot: 7 (STATE OWNS AL..."
"330","574000","11/19/2010","270000","Quarter: SE/4 Section: 24 Township: 36 Range: 16 Subdiv..."
"331","574013","11/22/2010","275000","Subdivision: VISTAS (THE) BLOCK: 2 LOT: 2 S: 12 T: 37..."
"332","574069","11/24/2010","210000","Quarter: NW/4 Section: 31 Township: 37 Range: 15 Subdiv..."
"333","574197","12/3/2010","160000","Section: 22 Township: 37 Range: 16"
"334","574282","12/8/2010","168000","Section: 24 Township: 36 Range: 16 Subdivision: MONTEZU..."
"335","574298","12/9/2010","24900","Quarter: NW/4 Section: 35 Township: 36 Range: 16 Subdiv..."
"336","574333","12/9/2010","275000","Quarter: NE/4 Section: 34 Township: 36 Range: 13"
"337","574357","12/13/2010","17100","Quarter: NW/4 Section: 20 Township: 37 Range: 15"
"338","574390","12/15/2010","450000","Subdivision: INDIAN CAMP RANCH Lot: 7 35.44A - (MC161..."
"339","574494","12/22/2010","150000","Section: 13 Township: 36 Range: 17"
"340","574526","12/1/2010","153000","Section: 32 Township: 37 Range: 15"
"341","574609","12/30/2010","280000","Quarter: NW/4 Section: 28 Township: 36 Range: 14 Subdiv..."
"342","574724","12/30/2010","179900","Section: 21 Township: 36 Range: 13"
"343","574727","12/23/2010","103000","Quarter: SE/4 Section: 34 Township: 37 Range: 14"
"344","574736","1/4/2011","45000","Section: 24 Township: 36 Range: 16 Subdivision: VENTERS..."
"345","574736","1/4/2011","45000","Section: 24 Township: 36 Range: 16 Subdivision: VENTERS..."
"346","574736","1/4/2011","45000","Section: 24 Township: 36 Range: 16 Subdivision: VENTERS..."
"347","574736","1/4/2011","45000","Section: 24 Township: 36 Range: 16 Subdivision: VENTERS..."
"348","574736","1/4/2011","45000","Section: 24 Township: 36 Range: 16 Subdivision: VENTERS..."
"349","574736","1/4/2011","45000","Section: 24 Township: 36 Range: 16 Subdivision: VENTERS..."
"350","574736","1/4/2011","45000","Section: 24 Township: 36 Range: 16 Subdivision: VENTERS..."
"351","574736","1/4/2011","45000","Section: 24 Township: 36 Range: 16 Subdivision: VENTERS..."
"352","574736","1/4/2011","45000","Section: 24 Township: 36 Range: 16 Subdivision: VENTERS..."
"353","574882","12/28/2010","140000","Quarter: NW/4 Section: 13 Township: 36 Range: 14"
"354","574913","1/14/2011","270000","Quarter: SW/4 Section: 16 Township: 35 Range: 16"
"355","574916","1/14/2011","33000","Quarter: NW/4 Section: 15 Township: 35 Range: 16"
"356","574932","1/18/2011","300000","Quarter: SW/4 Section: 18 Township: 36 Range: 15 Subdiv..."
"357","574986","1/20/2011","220000","Section: 2 Township: 35 Range: 16 Subdivision: MESA SKY..."
"358","574990","1/21/2011","88000","Section: 1 Township: 37 Range: 16 Subdivision: HILLTOP ..."
"359","575103","1/28/2011","184800","Section: 2 Township: 36 Range: 16 Subdivision: MONTEZUM..."
"360","575104","1/28/2011","145000","Section: 2 Township: 36 Range: 16 Subdivision: MONTEZUM..."
"361","575130","1/31/2011","225000","Quarter: NW/4 Section: 12 Township: 36 Range: 15"
"362","575430","2/22/2011","140000","Quarter: NE/4 Section: 27 Township: 37 Range: 16"
"363","575454","1/27/2011","115000","Section: 6 Township: 37 Range: 16 Subdivision: SUNNYSID..."
"364","575499","2/23/2011","280000","Section: 32 Township: 37 Range: 14 Subdivision: SUMMIT ..."
"365","575513","2/28/2011","380000","Quarter: SE/4 Section: 22 Township: 36 Range: 16"
"366","575600","3/3/2011","289900","Quarter: NE Section: 3 Township: 37 Range: 15"
"367","575648","3/8/2011","215000","Quarter: NW/4 Section: 17 Township: 36 Range: 16"
"368","575724","3/11/2011","50000","Quarter: NE/4 Section: 18 Township: 35 Range: 16 Subdiv..."
"369","575752","3/14/2011","330000","Section: 7 Township: 37 Range: 15 Subdivision: WINGSPRE..."
"370","575754","3/14/2011","314600","Quarter: SW/4 Section: 36 Township: 39 Range: 14"
"371","575863","3/17/2011","136900","Quarter: NW/4 Section: 24 Township: 36 Range: 16 Subdiv..."
"372","575996","3/30/2011","200000","Quarter: NW/4 Section: 16 Township: 36 Range: 15 Subdiv..."
"373","576188","4/5/2011","83000","Quarter: SE/4 Section: 21 Township: 36 Range: 13"
"374","576239","4/10/2011","9500","Section: 1 Township: 38 Range: 19"
"375","576240","4/6/2011","9500","Section: 1 Township: 38 Range: 19"
"376","576243","4/14/2011","140000","Section: 26 Township: 36 Range: 16"
"377","576263","4/15/2011","159900","Quarter: NE/4 Section: 30 Township: 37 Range: 16 Subdiv..."
"378","576377","4/25/2011","261000","Quarter: NE/4 Section: 11 Township: 37 Range: 16 Subdiv..."
"379","576408","4/27/2011","129000","Subdivision: GEORGE BAUERS (FIRST & SECOND) Lot: 4 Block..."
"380","576521","4/27/2011","58000","Quarter: SE/4 Section: 12 Township: 36 Range: 16 Subdiv..."
"381","576744","5/13/2011","60000","Section: 35 Township: 36 Range: 16 S1/2SE1/4SE1/4SW1/4N..."
"382","576747","5/13/2011","166000","Section: 7 Township: 35 Range: 16 Subdivision: SAGE HIL..."
"383","576791","5/13/2011","240000","Quarter: SE/4 Section: 29 Township: 36 Range: 13 Subdiv..."
"384","576896","5/25/2011","285000","Quarter: SW/4 Section: 10 Township: 37 Range: 15 Subdiv..."
"385","576901","5/25/2011","117000","Section: 26 Township: 36 Range: 16"
"386","576910","5/26/2011","123000","Quarter: NW/4 Section: 26 Township: 36 Range: 16 Subdiv..."
"387","576955","5/31/2011","327000","Section: 6 Township: 36 Range: 15 Subdivision: SUNSET E..."
"388","577021","6/2/2011","230000","Quarter: NW/4 Section: 31 Township: 37 Range: 15 Subdiv..."
"389","577106","5/26/2011","250000","Quarter: SE/4 Section: 16 Township: 36 Range: 16"
"390","577109","6/8/2011","83000","Quarter: SW/4 Section: 14 Township: 36 Range: 16"
"391","577192","6/13/2011","215000","Quarter: NW/4 Section: 14 Township: 36 Range: 16"
"392","577210","6/13/2011","80000","Quarter: SW/4 Section: 22 Township: 38 Range: 18"
"393","577211","6/13/2011","160000","Quarter: SW/4 Section: 22 Township: 38 Range: 18"
"394","577281","6/17/2011","125000","Section: 18 Township: 37 Range: 15 Subdivision: RUSTIC ..."
"395","577432","5/9/2011","169900","Quarter: SE/4 Section: 36 Township: 36 Range: 16 Subdiv..."
"396","577450","6/27/2011","42000","Quarter: NE/4 Section: 28 Township: 36 Range: 14 Subdiv..."
"397","577506","6/24/2011","225000","Sixteenth: SE Quarter: NW Section: 4 Township: 35 Range:..."
"398","577555","7/5/2011","175000","Section: 7 Township: 35 Range: 16"
"399","577609","7/15/2011","207000","Section: 3 Township: 36 Range: 17"
"400","577705","7/14/2011","270000","Quarter: SW/4 Section: 11 Township: 37 Range: 15"
"401","577724","7/15/2011","225000","Section: 24 Township: 36 Range: 16 Subdivision: BARRETT..."
"402","577822","6/1/2011","259555","Quarter: SE/4 Section: 17 Township: 36 Range: 15"
"403","577837","7/9/2011","150000","Section: 8 Township: 36 Range: 16"
"404","577874","7/19/2011","35000","Section: 27 Township: 37 Range: 14 Subdivision: SUMMIT ..."
"405","577884","7/25/2011","81000","Section: 3 Township: 37 Range: 16 Subdivision: PINON HI..."
"406","577918","7/26/2011","179900","Quarter: SW/4 Section: 17 Township: 36 Range: 14"
"407","577929","6/28/2011","57000","Quarter: NW/4 Section: 20 Township: 35 Range: 16"
"408","577934","7/27/2011","300000","Quarter: SW/4 Section: 31 Township: 37 Range: 16 Subdiv..."
"409","577998","7/29/2011","179000","Section: 6 Township: 36 Range: 15"
"410","578045","8/2/2011","30000","Quarter: NW/4 Section: 25 Township: 36 Range: 15 Subdiv..."
"411","578206","8/3/2011","150000","Quarter: SE/4 Section: 29 Township: 36 Range: 13 Subdiv..."
"412","578248","8/17/2011","182000","Quarter: NE/4 Section: 36 Township: 37 Range: 15 Subdiv..."
"413","578275","8/16/2011","92000","Quarter: NW/4 Section: 35 Township: 36 Range: 16 Subdiv..."
"414","578277","8/18/2011","219000","Section: 1 Township: 36 Range: 14 Subdivision: SHILO Lo..."
"415","578345","7/24/2011","164000","Section: 8 Township: 36 Range: 16"
"416","578351","8/23/2011","140000","Section: 31 Township: 36 Range: 13"
"417","578400","8/26/2011","220000","Quarter: SW/4 Section: 28 Township: 38 Range: 16"
"418","578407","8/26/2011","73500","Quarter: NE/4 Section: 26 Township: 36 Range: 16"
"419","578407","8/26/2011","73500","Quarter: NE/4 Section: 26 Township: 36 Range: 16"
"420","578407","8/26/2011","73500","Quarter: NE/4 Section: 26 Township: 36 Range: 16"
"421","578407","8/26/2011","73500","Quarter: NE/4 Section: 26 Township: 36 Range: 16"
"422","578430","8/25/2011","310000","Section: 8 Township: 36 Range: 13 Subdivision: OAKVIEW ..."
"423","578451","8/22/2011","210000","Quarter: NW/4 Section: 31 Township: 37 Range: 15 Subdiv..."
"424","578489","8/31/2011","450000","Section: 25 Township: 37 Range: 17"
"425","578524","9/2/2011","325000","Quarter: NW/4 Section: 36 Township: 39 Range: 14"
"426","578529","8/26/2011","200000","Sixteenth: NE/4 Quarter: SE/4 Section: 31 Township: 37 R..."
"427","578664","9/13/2011","110000","Quarter: SW/4 Section: 10 Township: 37 Range: 15 Subdiv..."
"428","578672","9/9/2011","139900","Section: 26 Township: 36 Range: 16"
"429","578755","9/20/2011","250000","Section: 6 Township: 36 Range: 15"
"430","578764","9/6/2011","49000","Section: 5 Township: 35 Range: 16 Subdivision: VALLEY V..."
"431","578779","8/26/2011","120000","Quarter: SE/4 Section: 24 Township: 35 Range: 17"
"432","578826","9/23/2011","180000","Quarter: NW/4 Section: 13 Township: 37 Range: 16"
"433","578831","9/12/2011","115000","Section: 6 Township: 37 Range: 16 Subdivision: OLD MINE..."
"434","578924","8/16/2011","105000","Quarter: SE/4 Section: 14 Township: 37 Range: 16 Subdiv..."
"435","578954","10/3/2011","12000","Quarter: SW Section: 9 Township: 36 Range: 13"
"436","579146","10/14/2011","154000","Quarter: SE/4 Section: 16 Township: 37 Range: 15 Subdiv..."
"437","579209","10/17/2011","125000","Quarter: SE/4 Section: 27 Township: 36 Range: 16 Subdiv..."
"438","579241","10/10/2011","210000","Quarter: SE/4 Section: 15 Township: 37 Range: 16"
"439","579286","10/21/2011","196500","Section: 26 Township: 36 Range: 16"
"440","579290","10/21/2011","165000","Quarter: NE/4 Section: 24 Township: 36 Range: 14 Subdiv..."
"441","579304","10/21/2011","198000","Quarter: SE/4 Section: 17 Township: 36 Range: 15"
"442","579375","10/26/2011","175000","Quarter: NW/4 Section: 22 Township: 37 Range: 16"
"443","579403","10/28/2011","127000","Quarter: SW/4 Section: 32 Township: 37 Range: 14 Quarter..."
"444","579425","10/17/2011","65000","Quarter: SW/4 Section: 16 Township: 35 Range: 16"
"445","579442","10/28/2011","110000","Quarter: SW/4 Section: 32 Township: 37 Range: 14 Quarter..."
"446","579498","11/2/2011","240000","Quarter: NW/4 Section: 32 Township: 35 Range: 16"
"447","579506","11/1/2011","98000","Quarter: NE/4 Section: 18 Township: 35 Range: 16 Subdiv..."
"448","579558","11/7/2011","283500","Quarter: NE/4 Section: 25 Township: 37 Range: 17"
"449","579567","11/7/2011","92500","Section: 26 Township: 36 Range: 16"
"450","579622","11/10/2011","85000","Quarter: NE/4 Section: 11 Township: 38 Range: 18"
"451","579626","11/8/2011","48000","Quarter: SW/4 Section: 15 Township: 36 Range: 16"
"452","579633","11/14/2011","185000","Quarter: NE/4 Section: 29 Township: 37 Range: 14"
"453","579760","11/21/2011","94000","Quarter: SW/4 Section: 23 Township: 37 Range: 15"
"454","579957","12/1/2011","50000","Section: 7 Township: 35 Range: 16 Subdivision: SAGE HIL..."
"455","580078","12/12/2011","93000","Quarter: SW/4 Section: 11 Township: 36 Range: 16"
"456","580126","12/14/2011","101000","Quarter: SW/4 Section: 28 Township: 36 Range: 13"
"457","580145","11/14/2011","51000","Quarter: NW/4 Section: 21 Township: 38 Range: 17"
"458","580185","12/19/2011","139000","Quarter: SE/4 Section: 28 Township: 37 Range: 14"
"459","580258","12/7/2011","120200","Sixteenth: NW Quarter: NW Section: 9 Township: 35 Range:..."
"460","580265","12/22/2011","117000","Section: 26 Township: 36 Range: 16"
"461","580269","12/19/2011","85000","Quarter: SE/4 Section: 34 Township: 37 Range: 14"
"462","580361","11/1/2011","110000","Section: 5 Township: 35 Range: 16 Subdivision: VALLEY V..."
"463","580382","1/3/2012","85000","Quarter: SE Section: 29 Township: 36 Range: 13"
"464","580392","1/2/2012","30000","Quarter: NE/4 Section: 23 Township: 36 Range: 16"
"465","580432","1/6/2012","195000","Quarter: NW/4 Section: 15 Township: 36 Range: 15"
"466","580750","1/25/2012","96000","Quarter: SE/4 Section: 34 Township: 37 Range: 16"
"467","580778","1/27/2012","55000","Section: 29 Township: 36 Range: 13"
"468","580820","1/31/2012","361300","Section: 4 Township: 36 Range: 14 Subdivision: SUMMIT L..."
"469","580879","2/3/2012","325000","Section: 2 Township: 36 Range: 16 Subdivision: MILDRED ..."
"470","581059","2/15/2012","52500","Section: 2 Township: 37 Range: 17"
"471","581060","1/27/2012","75000","Section: 21 Township: 36 Range: 16 Subdivision: CRESTVI..."
"472","581061","2/6/2012","350000","Section: 21 Township: 36 Range: 16 Subdivision: CRESTVI..."
"473","581094","2/15/2012","110000","Section: 26 Township: 36 Range: 16"
"474","581136","2/15/2012","165000","Quarter: NE/4 Section: 24 Township: 36 Range: 16 Subdiv..."
"475","581168","2/18/2012","229000","Quarter: NW/4 Section: 25 Township: 36 Range: 15"
"476","581215","2/24/2012","197500","Section: 9 Township: 35 Range: 16"
"477","581255","2/24/2012","100000","Quarter: SW/4 Section: 31 Township: 37 Range: 14 Section..."
"478","581328","1/24/2012","70900","Quarter: SW/4 Section: 32 Township: 39 Range: 13"
"479","581496","3/2/2012","70700","Section: 21 Township: 36 Range: 13"
"480","581663","3/13/2012","249900","Section: 2 Township: 36 Range: 16 Subdivision: MILDRED ..."
"481","581676","3/13/2012","20000","Section: 24 Township: 35 Range: 17 Subdivision: COY GRA..."
"482","581701","3/19/2012","138900","Quarter: NW/4 Section: 28 Township: 36 Range: 13 Subdiv..."
"483","581776","3/16/2012","87000","Quarter: NE/4 Section: 26 Township: 36 Range: 16"
"484","581832","3/23/2012","340000","Quarter: NE/4 Section: 21 Township: 39 Range: 17 Subdiv..."
"485","581959","3/30/2012","192500","Quarter: NW/4 Section: 25 Township: 36 Range: 16"
"486","581965","3/28/2012","52500","Quarter: SE/4 Section: 30 Township: 35 Range: 16 Subdiv..."
"487","581974","3/30/2012","128000","Quarter: SE/4 Section: 36 Township: 38 Range: 17"
"488","582021","3/31/2012","168000","Section: 5 Township: 36 Range: 16"
"489","582076","4/6/2012","122000","Quarter: SE/4 Section: 12 Township: 36 Range: 16 Subdiv..."
"490","582151","4/11/2012","90000","Section: 26 Township: 36 Range: 16"
"491","582186","4/13/2012","55000","Section: 20 Township: 39 Range: 17 Subdivision: RYMAN C..."
"492","582186","4/13/2012","55000","Section: 21 Township: 39 Range: 17 Subdivision: RYMAN C..."
"493","582186","4/13/2012","55000","Section: 20 Township: 39 Range: 17 Subdivision: RYMAN C..."
"494","582186","4/13/2012","55000","Section: 21 Township: 39 Range: 17 Subdivision: RYMAN C..."
"495","582333","4/24/2012","10000","Section: 35 Township: 39 Range: 18"
"496","582375","4/20/2012","98000","Section: 7 Township: 36 Range: 12"
"497","582478","4/25/2012","160000","Quarter: NW/4 Section: 31 Township: 37 Range: 15 Subdiv..."
"498","582514","5/2/2012","100000","Section: 7 Township: 36 Range: 15"
"499","582604","4/30/2012","141400","Quarter: NW/4 Section: 11 Township: 36 Range: 13 Subdiv..."
"500","582738","5/17/2012","210000","Section: 9 Township: 37 Range: 16 Subdivision: WATSON M..."
"501","582756","5/18/2012","68000","Quarter: SW/4 Section: 19 Township: 37 Range: 16 Subdiv..."
"502","582786","5/17/2012","82505","Quarter: SE/4 Section: 33 Township: 36 Range: 13"
"503","582827","5/23/2012","20000","Quarter: NE/4 Section: 24 Township: 36 Range: 16 Subdiv..."
"504","582830","5/23/2012","280000","Quarter: NW/4 Section: 10 Township: 36 Range: 16 Subdiv..."
"505","582858","5/21/2012","43300","Quarter: NW/4 Section: 16 Township: 35 Range: 16"
"506","582979","5/31/2012","320000","Quarter: SE/4 Section: 34 Township: 37 Range: 14"
"507","583050","6/5/2012","25000","Section: 26 Township: 36 Range: 16"
"508","583074","5/10/2012","125000","Quarter: NW/4 Section: 16 Township: 36 Range: 15"
"509","583100","5/9/2012","48000","Quarter: SW/4 Section: 29 Township: 36 Range: 13"
"510","583134","6/8/2012","5500","Quarter: SW/4 Section: 30 Township: 38 Range: 16"
"511","583218","6/8/2012","110000","Quarter: NW/4 Section: 35 Township: 36 Range: 16 Subdiv..."
"512","583262","6/14/2012","84500","Quarter: NW/4 Section: 35 Township: 36 Range: 16 Subdiv..."
"513","583299","6/18/2012","225300","Quarter: SW/4 Section: 18 Township: 36 Range: 15 Subdiv..."
"514","583318","6/19/2012","135000","Quarter: SE/4 Section: 28 Township: 36 Range: 13 Subdiv..."
"515","583357","6/22/2012","124000","Quarter: NW/4 Section: 35 Township: 36 Range: 16 Subdiv..."
"516","583364","6/22/2012","70000","Quarter: NW/4 Section: 35 Township: 36 Range: 16 Subdiv..."
"517","583387","6/21/2012","78000","Quarter: NE/4 Section: 29 Township: 37 Range: 14"
"518","583502","6/26/2012","85000","Quarter: NE/4 Section: 30 Township: 37 Range: 15"
"519","583586","6/28/2012","287000","Quarter: NE/4 Section: 21 Township: 38 Range: 17 Subdiv..."
"520","583596","6/27/2012","144500","Quarter: NW/4 Section: 28 Township: 37 Range: 14 Subdiv..."
"521","583599","6/27/2012","287500","Quarter: SW/4 Section: 20 Township: 37 Range: 15 Subdiv..."
"522","583603","6/27/2012","209500","Quarter: SW/4 Section: 15 Township: 36 Range: 16"
"523","583608","6/29/2012","151000","Quarter: NE/4 Section: 31 Township: 37 Range: 15"
"524","583608","6/29/2012","151000","Quarter: NW/4 Section: 31 Township: 37 Range: 15"
"525","583608","6/29/2012","151000","Quarter: NE/4 Section: 31 Township: 37 Range: 15"
"526","583608","6/29/2012","151000","Quarter: NW/4 Section: 31 Township: 37 Range: 15"
"527","583612","6/28/2012","140000","Section: 3 Township: 37 Range: 16 Subdivision: PINON HI..."
"528","583630","6/29/2012","50000","Section: 8 Township: 38 Range: 17"
"529","583657","7/3/2012","51000","Section: 2 Township: 36 Range: 16 Subdivision: LEBANON ..."
"530","583711","7/9/2012","420000","Quarter: SW/4 Section: 31 Township: 37 Range: 16 Subdiv..."
"531","583738","7/9/2012","75000","Section: 35 Township: 36 Range: 16"
"532","583773","7/6/2012","410000","Quarter: NW/4 Section: 25 Township: 36 Range: 16"
"533","583853","7/16/2012","51000","Quarter: NW/4 Section: 35 Township: 36 Range: 16 Subdiv..."
"534","583922","7/20/2012","52500","Quarter: SE/4 Section: 24 Township: 36 Range: 14 Subdiv..."
"535","583951","7/16/2012","80000","Quarter: NW/4 Section: 29 Township: 37 Range: 16"
"536","584022","7/24/2012","20000","Section: 10 Township: 37 Range: 15"
"537","584024","7/24/2012","19900","Quarter: NW/4 Section: 35 Township: 36 Range: 16 Subdiv..."
"538","584095","7/31/2012","35300","Quarter: NW/4 Section: 24 Township: 36 Range: 16 Subdiv..."
"539","584122","8/1/2012","305000","Section: 22 Township: 36 Range: 13"
"540","584188","8/3/2012","178500","Section: 8 Township: 38 Range: 17"
"541","584200","8/8/2012","170000","Quarter: SE/4 Section: 30 Township: 36 Range: 16 Subdiv..."
"542","584268","7/30/2012","165000","Quarter: SE/4 Section: 27 Township: 36 Range: 16 Subdiv..."
"543","584300","8/9/2012","227000","Quarter: NW/4 Section: 21 Township: 37 Range: 16"
"544","584310","8/14/2012","213400","Section: 1 Township: 35 Range: 16 Subdivision: MESA SKY..."
"545","584389","8/16/2012","175000","Quarter: SE/4 Section: 33 Township: 37 Range: 14 Subdiv..."
"546","584393","8/16/2012","175000","Section: 2 Township: 37 Range: 16 Subdivision: NORTHCUT..."
"547","584487","8/24/2012","110000","Sixteenth: NW Quarter: NW Section: 35 Township: 36 Range..."
"548","584531","8/22/2012","175000","Quarter: SE/4 Section: 29 Township: 38 Range: 16"
"549","584599","8/30/2012","236000","Quarter: NW/4 Section: 24 Township: 37 Range: 17 Subdiv..."
"550","584603","8/16/2012","240000","Quarter: SW/4 Section: 18 Township: 36 Range: 15 Subdiv..."
"551","584821","9/13/2012","178000","Sixteenth: NE/4 Quarter: NE/4 Section: 16 Township: 37 R..."
"552","584826","9/13/2012","80000","Section: 1 Township: 36 Range: 16 Subdivision: SCHWARZK..."
"553","584842","9/9/2012","175000","Quarter: SE/4 Section: 33 Township: 36 Range: 14"
"554","584861","9/17/2012","172500","Quarter: NE/4 Section: 17 Township: 36 Range: 15"
"555","584906","9/19/2012","265100","Quarter: SW/4 Section: 20 Township: 37 Range: 15 Subdiv..."
"556","584955","8/27/2012","80000","Section: 4 Township: 35 Range: 13"
"557","584990","9/21/2012","88000","Sixteenth: NE Quarter: NE/4 Section: 16 Township: 37 Ran..."
"558","585042","9/26/2012","170000","Quarter: SE/4 Section: 15 Township: 36 Range: 16"
"559","585060","9/28/2012","50000","Quarter: NW/4 Section: 17 Township: 36 Range: 16 Subdiv..."
"560","585119","9/18/2012","80200","Quarter: NE/4 Section: 10 Township: 35 Range: 16 Subdiv..."
"561","585300","10/11/2012","225000","Quarter: SE/4 Section: 14 Township: 37 Range: 16 Subdiv..."
"562","585310","10/12/2012","262500","Quarter: SW/4 Section: 16 Township: 35 Range: 16"
"563","585380","10/16/2012","160000","Sixteenth: NW Quarter: NE/4 Section: 10 Township: 36 Ran..."
"564","585431","10/19/2012","343000","Section: 2 Township: 36 Range: 16"
"565","585447","10/18/2012","110000","Quarter: SW/4 Section: 14 Township: 36 Range: 16 Subdiv..."
"566","585482","10/22/2012","25000","Quarter: NE/4 Section: 27 Township: 36 Range: 14 Subdiv..."
"567","585483","10/22/2012","238200","Quarter: SW Section: 15 Township: 36 Range: 15 Subdivis..."
"568","585588","10/29/2012","1000","Section: 33 Township: 37 Range: 15"
"569","585799","11/9/2012","120000","Section: 1 Township: 37 Range: 13 Subdivision: SPRING C..."
"570","585815","10/25/2012","229000","Section: 17 Township: 37 Range: 15 Subdivision: WILSON ..."
"571","585901","10/27/2012","12500","Sixteenth: SE/4 Quarter: SE/4 Section: 34 Township: 37 R..."
"572","585947","11/19/2012","110000","Section: 31 Township: 36 Range: 13"
"573","586093","11/9/2012","285000","Quarter: SW/4 Section: 16 Township: 35 Range: 16"
"574","586195","11/29/2012","123500","Section: 29 Township: 35 Range: 16 Subdivision: SOUTH M..."
"575","586253","11/27/2012","222000","Quarter: SE/4 Section: 29 Township: 36 Range: 13 Subdiv..."
"576","586257","12/3/2012","160000","Quarter: NE/4 Section: 24 Township: 36 Range: 16 Subdiv..."
"577","586369","12/11/2012","182000","Quarter: SE/4 Section: 28 Township: 36 Range: 13"
"578","586477","12/7/2012","45000","Quarter: SW/4 Section: 14 Township: 36 Range: 16"
"579","586558","12/21/2012","101900","Section: 8 Township: 38 Range: 17"
"580","586601","12/26/2012","15000","Quarter: SE/4 Section: 16 Township: 37 Range: 15"
"581","586603","12/21/2012","35000","Quarter: SW/4 Section: 31 Township: 37 Range: 16 Subdiv..."
"582","586620","12/20/2012","131200","Sixteenth: SE Quarter: SE/4 Section: 36 Township: 38 Ran..."
"583","586696","12/26/2012","53500","Quarter: SW/4 Section: 26 Township: 38 Range: 17"
"584","586697","12/31/2012","53500","Quarter: SW/4 Section: 26 Township: 38 Range: 17"
"585","586699","12/28/2012","178000","Quarter: SE/4 Section: 16 Township: 37 Range: 16"
"586","586762","12/26/2012","57800","Quarter: NE/4 Section: 26 Township: 36 Range: 16 Subdiv..."
"587","586920","1/15/2013","170000","Section: 28 Township: 36 Range: 13"
"588","586920","1/15/2013","170000","Section: 28 Township: 36 Range: 13"
"589","586920","1/15/2013","170000","Section: 28 Township: 36 Range: 13"
"590","586920","1/15/2013","170000","Section: 28 Township: 36 Range: 13"
"591","586967","5/15/2012","75000","Quarter: NE/4 Section: 34 Township: 36 Range: 16"
"592","586983","1/21/2013","39000","Section: 6 Township: 36 Range: 16 Subdivision: ALKALI M..."
"593","587131","1/29/2013","154900","Quarter: NE/4 Section: 33 Township: 37 Range: 14 Subdiv..."
"594","587293","2/11/2013","30000","Quarter: NE/4 Section: 24 Township: 36 Range: 16 Subdiv..."
"595","587312","1/30/2013","125000","Section: 7 Township: 36 Range: 16"
"596","587383","2/14/2013","155000","Quarter: SE/4 Section: 20 Township: 35 Range: 16"
"597","587396","2/11/2013","95000","Quarter: SW/4 Section: 12 Township: 36 Range: 14"
"598","587499","2/22/2013","51000","Quarter: SW/4 Section: 16 Township: 35 Range: 16"
"599","587627","2/27/2013","52500","Quarter: SW/4 Section: 11 Township: 36 Range: 16"
"600","587691","3/7/2013","260000","Quarter: NW/4 Section: 30 Township: 36 Range: 15 Subdiv..."
"601","587702","3/8/2013","197000","Quarter: NE/4 Section: 24 Township: 36 Range: 16 Subdiv..."
"602","587704","3/8/2013","155000","Quarter: SE/4 Section: 10 Township: 37 Range: 15 Subdiv..."
"603","587707","2/22/2013","192000","Quarter: NE/4 Section: 29 Township: 37 Range: 16"
"604","587747","3/8/2013","135000","Quarter: NE/4 Section: 33 Township: 37 Range: 14 Subdiv..."
"605","587838","3/14/2013","50000","Sixteenth: SE/4 Quarter: NW/4 Section: 16 Township: 35 R..."
"606","587962","3/1/2013","125000","Section: 24 Township: 36 Range: 16 Subdivision: MONTEZU..."
"607","588168","4/1/2013","318500","Section: 19 Township: 36 Range: 15 Subdivision: FAIRWAY..."
"608","588168","4/1/2013","318500","Section: 19 Township: 36 Range: 15 Subdivision: FAIRWAY..."
"609","588168","4/1/2013","318500","Section: 19 Township: 36 Range: 15 Subdivision: FAIRWAY..."
"610","588168","4/1/2013","318500","Section: 19 Township: 36 Range: 15 Subdivision: FAIRWAY..."
"611","588224","4/4/2013","175000","Section: 7 Township: 35 Range: 16"
"612","588241","4/5/2013","21000","Section: 1 Township: 37 Range: 13 Subdivision: SPRING C..."
"613","588340","4/4/2013","160000","Section: 6 Township: 38 Range: 12"
"614","588387","4/12/2013","135000","Quarter: NW/4 Section: 25 Township: 36 Range: 16 Subdiv..."
"615","588405","9/21/2012","153030","Section: 1 Township: 37 Range: 17"
"616","588407","4/12/2013","50000","Section: 6 Township: 37 Range: 16 Subdivision: SUNNYSID..."
"617","588466","4/11/2013","125000","Quarter: SW/4 Section: 16 Township: 35 Range: 16"
"618","588480","4/11/2013","140000","Quarter: SW/4 Section: 16 Township: 35 Range: 16"
"619","588512","4/19/2013","225000","Quarter: NW/4 Section: 28 Township: 37 Range: 14 Subdiv..."
"620","588603","4/22/2013","40000","Quarter: NW/4 Section: 28 Township: 36 Range: 13 Subdiv..."
"621","588625","4/26/2013","150000","0 Subdivision: D H LEMMONS TOWNSITE Block: 7 Lot: 15 THR..."
"622","588628","4/26/2013","15000","0 Subdivision: D H LEMMONS TOWNSITE Block: 7 Lot: 15 THR..."
"623","588677","4/26/2013","394000","Section: 3 Township: 35 Range: 14 Subdivision: MUDD CRE..."
"624","588682","4/29/2013","207000","Quarter: SW/4 Section: 24 Township: 37 Range: 17"
"625","588682","4/29/2013","207000","Quarter: SW/4 Section: 24 Township: 37 Range: 17"
"626","588682","4/29/2013","207000","Quarter: SW/4 Section: 24 Township: 37 Range: 17"
"627","588682","4/29/2013","207000","Quarter: SW/4 Section: 24 Township: 37 Range: 17"
"628","588698","3/19/2013","135000","Section: 1 Township: 36 Range: 16 Subdivision: VANIK MI..."
"629","588726","5/1/2013","128000","Quarter: SW/4 Section: 10 Township: 37 Range: 15 Subdiv..."
"630","588801","5/6/2013","72000","Quarter: NW/4 Section: 32 Township: 35 Range: 16"
"631","588837","5/7/2013","35000","Quarter: NW/4 Section: 24 Township: 36 Range: 16 Subdiv..."
"632","588868","5/10/2013","113800","Quarter: SW/4 Section: 18 Township: 36 Range: 15 Subdiv..."
"633","588869","5/10/2013","227500","Quarter: SW/4 Section: 18 Township: 36 Range: 15 Subdiv..."
"634","588874","5/10/2013","200000","Quarter: NE/4 Section: 11 Township: 36 Range: 14"
"635","588874","5/10/2013","200000","Quarter: NE/4 Section: 11 Township: 36 Range: 14"
"636","588874","5/10/2013","200000","Quarter: NE/4 Section: 11 Township: 36 Range: 14"
"637","588874","5/10/2013","200000","Quarter: NE/4 Section: 11 Township: 36 Range: 14"
"638","588898","5/7/2013","320000","Section: 6 Township: 38 Range: 12"
"639","588911","3/18/2013","359500","Quarter: NW/4 Section: 10 Township: 36 Range: 15 Subdiv..."
"640","588912","4/18/2013","359500","Quarter: NW/4 Section: 10 Township: 36 Range: 15 Subdiv..."
"641","588925","5/9/2013","200000","Sixteenth: W/2 Quarter: NW/4 Section: 16 Township: 36 Ra..."
"642","589010","5/17/2013","160000","Quarter: NW/4 Section: 25 Township: 36 Range: 16 Subdiv..."
"643","589019","5/20/2013","125000","Quarter: NW/4 Section: 25 Township: 35 Range: 16 Subdiv..."
"644","589136","4/12/2013","149900","Quarter: NW/4 Section: 26 Township: 37 Range: 15"
"645","589161","5/22/2013","185000","Quarter: NW/4 Section: 31 Township: 36 Range: 13"
"646","589194","5/29/2013","267000","Quarter: NW/4 Section: 34 Township: 36 Range: 18"
"647","589228","5/30/2013","100000","Quarter: NW/4 Section: 35 Township: 36 Range: 16 Subdiv..."
"648","589257","6/3/2013","250000","Section: 6 Township: 36 Range: 15"
"649","589314","6/3/2013","85000","Quarter: NW/4 Section: 35 Township: 36 Range: 16 Subdiv..."
"650","589322","5/8/2013","145500","Quarter: SW/4 Section: 17 Township: 37 Range: 15"
"651","589353","6/5/2013","120000","Section: 26 Township: 36 Range: 16"
"652","589356","6/7/2013","395000","Sixteenth: SE/4 Quarter: NW/4 Section: 27 Township: 38 R..."
"653","589496","5/3/2013","132500","Quarter: NW/4 Section: 25 Township: 36 Range: 16 Subdiv..."
"654","589527","6/17/2013","159000","Quarter: NW/4 Section: 35 Township: 36 Range: 16 Subdiv..."
"655","589539","6/18/2013","130000","Quarter: NE/4 Section: 21 Township: 37 Range: 17 Subdiv..."
"656","589618","6/24/2013","25000","Quarter: NE/4 Section: 28 Township: 36 Range: 13"
"657","589629","6/5/2013","30000","Section: 28 Township: 36 Range: 13"
"658","589659","6/25/2013","244000","Quarter: NW/4 Section: 14 Township: 35 Range: 16"
"659","589702","6/24/2013","269000","Quarter: NW/4 Section: 32 Township: 37 Range: 16"
"660","589761","7/2/2013","173000","Section: 2 Township: 36 Range: 16 Subdivision: MONTEZUM..."
"661","589792","7/3/2013","152000","Sixteenth: SE/4 Quarter: SE/4 Section: 34 Township: 37 R..."
"662","589906","7/1/2013","136500","Quarter: NW/4 Section: 25 Township: 36 Range: 16 Subdiv..."
"663","590080","7/19/2013","133000","Sixteenth: N/2 Quarter: NE/4 Section: 1 Township: 37 Ran..."
"664","590113","7/19/2013","153500","Quarter: SE/4 Section: 28 Township: 36 Range: 13"
"665","590242","7/29/2013","185000","Quarter: SE/4 Section: 31 Township: 37 Range: 15"
"666","590317","7/31/2013","219000","Section: 5 Township: 36 Range: 15"
"667","590319","7/31/2013","215000","Sixteenth: SW Quarter: SW/4 Section: 18 Township: 36 Ran..."
"668","590363","8/2/2013","58900","Section: 8 Township: 36 Range: 14"
"669","590486","8/7/2013","90000","Section: 3 Township: 35 Range: 17"
"670","590548","8/7/2013","88500","Quarter: NE/4 Section: 36 Township: 36 Range: 16"
"671","590574","8/15/2013","200000","Quarter: SE/4 Section: 21 Township: 37 Range: 16"
"672","590583","8/16/2013","219000","Quarter: SE/4 Section: 36 Township: 37 Range: 17 Subdiv..."
"673","590592","8/14/2013","134000","Quarter: NE/4 Section: 30 Township: 37 Range: 16"
"674","590624","8/19/2013","162000","Sixteenth: NE Quarter: NE Section: 18 Township: 36 Range..."
"675","590642","8/17/2013","175000","Quarter: SE/4 Section: 10 Township: 37 Range: 15 Subdiv..."
"676","590653","8/20/2013","115000","Quarter: NE/4 Section: 24 Township: 36 Range: 16 Subdiv..."
"677","590820","8/29/2013","243000","Quarter: SW/4 Section: 21 Township: 36 Range: 13 Subdiv..."
"678","590822","8/29/2013","172000","Section: 5 Township: 36 Range: 15"
"679","590844","8/30/2013","138000","Quarter: SE/4 Section: 27 Township: 36 Range: 16 Subdiv..."
"680","590847","8/30/2013","145000","Section: 2 Township: 35 Range: 17"
"681","590855","8/28/2013","180000","Quarter: SE/4 Section: 17 Township: 36 Range: 15"
"682","590891","9/4/2013","30000","Section: 8 Township: 37 Range: 16 Subdivision: DAKOTAS ..."
"683","590910","9/5/2013","45000","Section: 2 Township: 36 Range: 16 Subdivision: LEBANON ..."
"684","590994","9/10/2013","310000","Quarter: NE/4 Section: 21 Township: 37 Range: 16"
"685","591075","9/16/2013","223000","Section: 1 Township: 36 Range: 14"
"686","591137","9/19/2013","131000","Quarter: SE/4 Section: 36 Township: 38 Range: 17"
"687","591169","9/20/2013","109700","Section: 1 Township: 35 Range: 14"
"688","591282","9/27/2013","230000","Section: 17 Township: 37 Range: 15 Subdivision: WILSON ..."
"689","591347","9/28/2013","129000","Quarter: NW/4 Section: 25 Township: 36 Range: 16 Subdiv..."
"690","591354","9/30/2013","116500","Quarter: NW/4 Section: 16 Township: 35 Range: 16"
"691","591498","10/9/2013","76000","Quarter: SW/4 Section: 30 Township: 35 Range: 16"
"692","591521","10/15/2013","227500","Section: 16 Township: 36 Range: 15"
"693","591529","10/11/2013","52000","Section: 6 Township: 37 Range: 17"
"694","591546","10/1/2013","52500","Section: 26 Township: 36 Range: 16"
"695","591559","10/14/2013","412500","Quarter: NE/4 Section: 31 Township: 36 Range: 17"
"696","591608","10/14/2013","230000","Quarter: NE/4 Section: 12 Township: 36 Range: 13"
"697","591625","10/18/2013","80000","Quarter: NE/4 Section: 29 Township: 37 Range: 16"
"698","591804","10/31/2013","194000","Section: 6 Township: 38 Range: 12"
"699","591815","10/31/2013","90000","Section: 34 Township: 37 Range: 14 TR 168FTX240FT IN N..."
"700","591826","11/4/2013","165000","Quarter: NE/4 Section: 20 Township: 36 Range: 13"
"701","591910","11/8/2013","225000","Section: 8 Township: 36 Range: 13 Subdivision: OAKVIEW ..."
"702","592008","11/15/2013","230500","Quarter: NE/4 Section: 10 Township: 35 Range: 16 Subdiv..."
"703","592251","11/27/2013","44500","Quarter: SE/4 Section: 34 Township: 37 Range: 14"
"704","592328","12/6/2013","75000","Quarter: NW/4 Section: 11 Township: 38 Range: 18"
"705","592348","12/5/2013","190000","Section: 7 Township: 36 Range: 16"
"706","592410","12/13/2013","289500","Section: 6 Township: 36 Range: 15 Subdivision: SUNSET E..."
"707","592476","12/20/2013","150000","Quarter: NW/4 Section: 25 Township: 36 Range: 16 Subdiv..."
"708","592481","12/18/2013","135000","Section: 9 Township: 36 Range: 15"
"709","592544","12/27/2013","139000","Section: 4 Township: 35 Range: 16 Subdivision: VALLEY V..."
"710","592547","12/17/2013","80000","Quarter: SE/4 Section: 24 Township: 38 Range: 18"
"711","592585","12/20/2013","180000","Quarter: SW/4 Section: 31 Township: 37 Range: 15 Subdiv..."
"712","592592","12/27/2013","295000","Quarter: SW/4 Section: 34 Township: 37 Range: 16 Subdiv..."
"713","592627","12/31/2013","155000","Quarter: NW/4 Section: 31 Township: 37 Range: 15 Subdiv..."
"714","592637","1/3/2014","94000","Quarter: NW/4 Section: 30 Township: 36 Range: 15"
"715","592734","1/7/2014","155000","Section: 8 Township: 36 Range: 16 Subdivision: R & R AC..."
"716","592737","1/10/2014","287500","Quarter: SW/4 Section: 31 Township: 37 Range: 16 Subdiv..."
"717","592803","1/12/2014","124900","Section: 2 Township: 35 Range: 14"
"718","592850","1/21/2014","324000","Quarter: NW/4 Section: 10 Township: 36 Range: 16 Subdiv..."
"719","592999","2/3/2014","150000","Quarter: SE/4 Section: 15 Township: 38 Range: 14 Subdiv..."
"720","593006","1/10/2014","3500","Quarter: SW/4 Section: 36 Township: 39 Range: 14"
"721","593011","1/31/2014","227000","Quarter: NE/4 Section: 10 Township: 35 Range: 16 Subdiv..."
"722","593139","2/6/2014","200000","Section: 6 Township: 38 Range: 17"
"723","593184","2/10/2014","168500","Section: 3 Township: 36 Range: 16"
"724","593196","2/14/2014","35000","Quarter: SW Section: 33 Township: 36 Range: 15 Subdivis..."
"725","593198","2/14/2014","331500","Quarter: SW/4 Section: 34 Township: 36 Range: 17"
"726","593222","2/18/2014","30000","Quarter: NE/4 Section: 24 Township: 36 Range: 16 Subdiv..."
"727","593229","2/18/2014","134000","Quarter: NW/4 Section: 25 Township: 36 Range: 16 Subdiv..."
"728","593353","2/26/2014","90000","Quarter: NE/4 Section: 18 Township: 36 Range: 14"
"729","593371","2/27/2014","67500","Section: 17 Township: 37 Range: 15 Section: 18 Township:..."
"730","593382","2/28/2014","362500","Quarter: SW/4 Section: 24 Township: 36 Range: 14"
"731","593402","3/3/2014","4000","Quarter: NE/4 Section: 33 Township: 37 Range: 14 Subdiv..."
"732","593523","3/10/2014","25000","Quarter: NE/4 Section: 25 Township: 36 Range: 16"
"733","593631","3/17/2014","161000","Section: 8 Township: 37 Range: 16 Subdivision: CAROL EV..."
"734","593671","3/19/2014","185000","Section: 8 Township: 36 Range: 16"
"735","593718","3/26/2014","187500","Quarter: SE/4 Section: 29 Township: 38 Range: 16"
"736","593724","3/24/2014","34500","Section: 1 Township: 37 Range: 17"
"737","593876","4/3/2014","262000","Quarter: NW/4 Section: 25 Township: 36 Range: 16 Subdiv..."
"738","593876","4/3/2014","262000","Quarter: NW/4 Section: 25 Township: 36 Range: 16 Subdiv..."
"739","593876","4/3/2014","262000","Quarter: NW/4 Section: 25 Township: 36 Range: 16 Subdiv..."
"740","593876","4/3/2014","262000","Quarter: NW/4 Section: 25 Township: 36 Range: 16 Subdiv..."
"741","593943","4/9/2014","56000","Quarter: SW/4 Section: 14 Township: 36 Range: 16"
"742","593989","4/11/2014","56000","0 Subdivision: CHAMBERLINS ADDITION (THE) Block: 66 Lot:..."
"743","594019","4/15/2014","120000","Section: 7 Township: 38 Range: 17"
"744","594100","4/16/2014","150000","Quarter: NW/4 Section: 16 Township: 36 Range: 15"
"745","594129","4/18/2014","14000","Quarter: NE/4 Section: 34 Township: 36 Range: 16"
"746","594200","4/23/2014","182000","Quarter: NE/4 Section: 10 Township: 36 Range: 16"
"747","594234","4/28/2014","153500","Sixteenth: NE Quarter: NE Section: 21 Township: 37 Range..."
"748","594237","4/28/2014","196200","Quarter: SE/4 Section: 28 Township: 36 Range: 13"
"749","594239","4/20/2014","65000","Section: 13 Township: 36 Range: 17 Subdivision: FOURWIN..."
"750","594241","4/25/2014","244900","Quarter: NE/4 Section: 24 Township: 36 Range: 16 Subdiv..."
"751","594266","4/29/2014","182000","Quarter: NE/4 Section: 10 Township: 36 Range: 16"
"752","594271","4/30/2014","186400","Quarter: NE/4 Section: 28 Township: 36 Range: 14 Subdiv..."
"753","594312","5/1/2014","290000","Quarter: NW/4 Section: 30 Township: 37 Range: 16"
"754","594366","4/18/2014","50000","Sixteenth: SW Quarter: SW/4 Section: 18 Township: 36 Ran..."
"755","594386","4/30/2014","186400","Quarter: NE/4 Section: 28 Township: 36 Range: 14 Subdiv..."
"756","594412","5/5/2014","85000","0 Subdivision: J L FOUTZ ADDITION Block: 5 Lot: 5"
"757","594446","5/6/2014","130000","Section: 5 Township: 35 Range: 13"
"758","594583","5/20/2014","275000","Quarter: NE/4 Section: 13 Township: 36 Range: 14"
"759","594643","5/21/2014","213500","Quarter: NE/4 Section: 21 Township: 37 Range: 17 Subdiv..."
"760","594674","5/28/2014","340000","Section: 28 Township: 36 Range: 16"
"761","594696","5/29/2014","160000","Quarter: NE/4 Section: 21 Township: 37 Range: 16"
"762","594723","5/28/2014","136500","Quarter: NW/4 Section: 25 Township: 36 Range: 16 Subdiv..."
"763","594749","6/3/2014","145000","Quarter: NW/4 Section: 35 Township: 36 Range: 16 Subdiv..."
"764","594752","6/3/2014","250000","Section: 1 Township: 36 Range: 14"
"765","594760","6/2/2014","147500","Section: 6 Township: 37 Range: 16 Subdivision: SUNNYSID..."
"766","594772","5/30/2014","70000","Quarter: NW/4 Section: 14 Township: 35 Range: 16"
"767","594814","6/4/2014","349000","Quarter: NW/4 Section: 28 Township: 37 Range: 14 Subdiv..."
"768","594823","6/6/2014","67500","Quarter: NE/4 Section: 31 Township: 37 Range: 15"
"769","594833","5/27/2014","335000","Quarter: SW/4 Section: 21 Township: 36 Range: 13"
"770","594949","6/11/2014","193000","Quarter: SE/4 Section: 30 Township: 36 Range: 13"
"771","594996","9/24/2012","60000","Quarter: SW/4 Section: 10 Township: 37 Range: 15 Subdiv..."
"772","595039","6/20/2014","139000","Section: 6 Township: 37 Range: 16 Subdivision: OLD MINE..."
"773","595052","6/18/2014","88400","Section: 2 Township: 35 Range: 16"
"774","595066","6/23/2014","399000","Quarter: SW/4 Section: 35 Township: 37 Range: 14 Subdiv..."
"775","595115","6/23/2014","149900","Quarter: SE/4 Section: 36 Township: 36 Range: 16 Subdiv..."
"776","595141","6/25/2014","250000","Section: 9 Township: 36 Range: 16 Subdivision: TULAROSA..."
"777","595152","6/27/2014","110000","Section: 5 Township: 35 Range: 16"
"778","595182","6/27/2014","80000","Section: 26 Township: 36 Range: 16"
"779","595227","6/30/2014","138500","Quarter: NE/4 Section: 31 Township: 35 Range: 16 Subdiv..."
"780","595244","7/1/2014","115000","Quarter: SE/4 Section: 11 Township: 36 Range: 15 Subdiv..."
"781","595305","7/1/2014","136500","Quarter: NW/4 Section: 25 Township: 36 Range: 16 Subdiv..."
"782","595356","7/9/2014","315000","Quarter: SE/4 Section: 19 Township: 37 Range: 15"
"783","595389","7/14/2014","75000","Section: 28 Township: 36 Range: 13 Subdivision: HERSHBE..."
"784","595427","7/16/2014","290000","Quarter: SW/4 Section: 16 Township: 37 Range: 15"
"785","595432","7/15/2014","245000","Section: 8 Township: 35 Range: 16 Subdivision: GOODWIN ..."
"786","595443","7/15/2014","500000","Quarter: NE/4 Section: 24 Township: 39 Range: 14"
"787","595460","6/20/2014","100000","Quarter: SE/4 Section: 17 Township: 37 Range: 15"
"788","595500","7/16/2014","390000","Section: 3 Township: 35 Range: 14 Subdivision: MUDD CRE..."
"789","595510","7/18/2014","93500","Section: 6 Township: 36 Range: 16"
"790","595571","7/22/2014","240000","Section: 17 Township: 37 Range: 15 Subdivision: WILSON ..."
"791","595674","7/25/2014","55000","Quarter: SE/4 Section: 11 Township: 36 Range: 14"
"792","595719","7/31/2014","115000","Section: 16 Township: 37 Range: 15"
"793","595743","8/1/2014","12500","Quarter: NW/4 Section: 35 Township: 36 Range: 16 Subdiv..."
"794","595746","7/31/2014","290000","Section: 6 Township: 36 Range: 15"
"795","595862","8/8/2014","36000","Quarter: SE/4 Section: 33 Township: 39 Range: 17"
"796","595877","8/8/2014","130000","Quarter: NE/4 Section: 33 Township: 36 Range: 13"
"797","595920","8/8/2014","243900","Sixteenth: NE Quarter: NW/4 Section: 31 Township: 38 Ran..."
"798","595936","8/15/2014","60000","Quarter: NE/4 Section: 16 Township: 37 Range: 15"
"799","595939","8/15/2014","128200","Quarter: NE/4 Section: 19 Township: 37 Range: 16"
"800","595965","8/18/2014","175000","Quarter: SE/4 Section: 15 Township: 36 Range: 16"
"801","596113","8/28/2014","155000","Quarter: SE/4 Section: 18 Township: 37 Range: 16 Subdiv..."
"802","596227","9/4/2014","260000","Section: 3 Township: 36 Range: 14 Subdivision: SUMMIT L..."
"803","596244","9/8/2014","223000","Quarter: NE/4 Section: 24 Township: 36 Range: 16 Subdiv..."
"804","596277","9/9/2014","182000","Section: 5 Township: 36 Range: 15"
"805","596306","9/11/2014","292000","Section: 2 Township: 37 Range: 16 Subdivision: MCPHEE R..."
"806","596310","9/12/2014","50000","Quarter: NW/4 Section: 19 Township: 36 Range: 15 Subdiv..."
"807","596511","9/24/2014","360000","Section: 8 Township: 36 Range: 13 Subdivision: OAKVIEW ..."
"808","596593","9/26/2014","157000","Sixteenth: SE/4 Quarter: SE/4 Section: 34 Township: 37 R..."
"809","596602","9/30/2014","179000","Quarter: SE/4 Section: 10 Township: 37 Range: 15 Subdiv..."
"810","596645","10/1/2014","300000","Quarter: NW/4 Section: 22 Township: 36 Range: 13"
"811","596653","10/3/2014","215000","Quarter: SW Section: 33 Township: 36 Range: 15 Subdivis..."
"812","596721","10/8/2014","258000","Section: 8 Township: 36 Range: 16"
"813","596735","10/10/2014","240000","Subdivision: F R COFFINS ADDITION Lot: 22-24 Block: 16 B..."
"814","596791","10/14/2014","230000","Quarter: SW/4 Section: 30 Township: 37 Range: 15"
"815","596824","10/16/2014","23000","Quarter: NW/4 Section: 35 Township: 36 Range: 16 Subdiv..."
"816","596925","10/24/2014","185000","Quarter: SW/4 Section: 12 Township: 36 Range: 14"
"817","596939","10/24/2014","279000","Sixteenth: NW Quarter: NE Section: 7 Township: 36 Range:..."
"818","596939","10/24/2014","279000","Quarter: NW Section: 7 Township: 36 Range: 15"
"819","596939","10/24/2014","279000","Sixteenth: NW Quarter: NE Section: 7 Township: 36 Range:..."
"820","596939","10/24/2014","279000","Quarter: NW Section: 7 Township: 36 Range: 15"
"821","596941","10/27/2014","185000","Section: 26 Township: 36 Range: 13"
"822","596968","10/27/2014","157000","Quarter: NW/4 Section: 15 Township: 37 Range: 16"
"823","596979","10/28/2014","102000","Section: 6 Township: 37 Range: 16 Subdivision: SUNNYSID..."
"824","597001","10/29/2014","136500","Quarter: NW/4 Section: 25 Township: 36 Range: 16 Subdiv..."
"825","597030","10/23/2014","10400","Quarter: SW/4 Section: 13 Township: 36 Range: 17"
"826","597030","10/23/2014","10400","Section: 13 Township: 36 Range: 17"
"827","597030","10/23/2014","10400","Quarter: SW/4 Section: 13 Township: 36 Range: 17"
"828","597030","10/23/2014","10400","Section: 13 Township: 36 Range: 17"
"829","597097","11/3/2014","415000","Quarter: NW/4 Section: 32 Township: 37 Range: 13"
"830","597106","11/4/2014","125000","Quarter: NE/4 Section: 29 Township: 37 Range: 16"
"831","597110","11/3/2014","75000","Quarter: NE/4 Section: 33 Township: 38 Range: 16"
"832","597246","10/27/2014","3000","Section: 33 Township: 37 Range: 15"
"833","597320","11/10/2014","230000","Quarter: SW/4 Section: 17 Township: 38 Range: 17"
"834","597424","11/20/2014","229000","Quarter: SW/4 Section: 14 Township: 37 Range: 16"
"835","597447","11/20/2014","135300","Quarter: NW/4 Section: 25 Township: 36 Range: 16 Subdiv..."
"836","597478","11/19/2014","230000","Quarter: NW/4 Section: 28 Township: 36 Range: 13 Subdiv..."
"837","597494","11/25/2014","200000","Section: 6 Township: 37 Range: 16 Subdivision: OLD MINE..."
"838","597646","12/3/2014","355000","Section: 2 Township: 36 Range: 16 Subdivision: MILDRED ..."
"839","597699","12/8/2014","149900","Quarter: NW/4 Section: 16 Township: 36 Range: 15"
"840","597738","12/9/2014","207500","Sixteenth: NE Quarter: NE Section: 18 Township: 36 Range..."
"841","597743","12/12/2014","30000","0 Subdivision: HIGHLAND TERRACE #2 Lot: 10"
"842","597743","12/12/2014","30000","0 Subdivision: HIGHLAND TERRACE #2 Lot: 11"
"843","597743","12/12/2014","30000","0 Subdivision: HIGHLAND TERRACE #2 Lot: 10"
"844","597743","12/12/2014","30000","0 Subdivision: HIGHLAND TERRACE #2 Lot: 11"
"845","597783","12/15/2014","200000","Quarter: NE/4 Section: 21 Township: 37 Range: 17 Subdiv..."
"846","597817","12/16/2014","470000","Quarter: SW/4 Section: 31 Township: 37 Range: 16 Subdiv..."
"847","597913","12/19/2014","240000","Section: 27 Township: 36 Range: 13 Quarter: NW/4 Section..."
"848","597930","12/19/2014","394000","Section: 11 Township: 37 Range: 16 Section: 2 Township: ..."
"849","597933","12/18/2014","231900","Section: 8 Township: 36 Range: 15"
"850","597962","12/24/2014","221500","Quarter: NE/4 Section: 11 Township: 37 Range: 16 Subdiv..."
"851","598019","1/2/2015","85000","Quarter: NW/4 Section: 30 Township: 36 Range: 15"
"852","598050","1/5/2015","175000","Quarter: SW/4 Section: 29 Township: 39 Range: 11"
"853","598130","1/9/2015","127000","Sixteenth: SE Quarter: SE Section: 3 Township: 35 Range:..."
"854","598163","1/12/2015","468000","Quarter: NW/4 Section: 16 Township: 36 Range: 15 Subdiv..."
"855","598216","1/13/2015","55000","Section: 1 Township: 35 Range: 16 Subdivision: MESA SKY..."
"856","598248","1/20/2015","135000","Quarter: NE/4 Section: 23 Township: 36 Range: 16"
"857","598292","1/22/2015","110000","Sixteenth: S2 Quarter: NE/4 Section: 31 Township: 35 Ran..."
"858","598292","1/22/2015","110000","Sixteenth: SE/4 Quarter: NE/4 Section: 31 Township: 35 R..."
"859","598292","1/22/2015","110000","Sixteenth: S2 Quarter: NE/4 Section: 31 Township: 35 Ran..."
"860","598292","1/22/2015","110000","Sixteenth: SE/4 Quarter: NE/4 Section: 31 Township: 35 R..."
"861","598294","1/22/2015","50000","Quarter: NE/4 Section: 31 Township: 35 Range: 16"
"862","598330","1/21/2015","105000","Quarter: NW/4 Section: 35 Township: 36 Range: 16"
"863","598361","1/23/2015","323000","Section: 2 Township: 36 Range: 16 Subdivision: LEBANON ..."
"864","598394","1/28/2015","253000","Quarter: NE/4 Section: 24 Township: 36 Range: 16 Subdiv..."
"865","598433","1/27/2015","5000","Quarter: NE/4 Section: 26 Township: 36 Range: 16"
"866","598434","1/30/2015","100000","Quarter: SE/4 Section: 27 Township: 36 Range: 16 Subdiv..."
"867","598436","1/29/2015","84800","Quarter: SE/4 Section: 22 Township: 36 Range: 16"
"868","598565","2/6/2015","257500","Quarter: NW/4 Section: 13 Township: 36 Range: 14"
"869","598572","1/29/2015","9200","Quarter: SW/4 Section: 20 Township: 36 Range: 15"
"870","598610","2/10/2015","207000","Quarter: NE/4 Section: 24 Township: 36 Range: 16 Subdiv..."
"871","598674","2/17/2015","102000","Quarter: NW/4 Section: 35 Township: 36 Range: 16 Subdiv..."
"872","598776","5/24/2015","78900","Subdivision: SMITH (CORTEZ) SUBDIVISION: SMITH (CORT..."
"873","598799","2/26/2015","110500","Quarter: NW/4 Section: 18 Township: 36 Range: 15"
"874","598801","2/26/2015","347461","Section: 19 Township: 36 Range: 15 Subdivision: FAIRWAY..."
"875","598873","3/2/2015","136500","Quarter: NW/4 Section: 25 Township: 36 Range: 16 Subdiv..."
"876","598935","3/6/2015","270000","Section: 28 Township: 36 Range: 14 Subdivision: CEDAR M..."
"877","599037","3/13/2015","207500","Section: 6 Township: 37 Range: 16 Subdivision: SUNNYSID..."
"878","599055","3/13/2015","73800","0 Subdivision: FLYING ROGUE RANCH Lot: 1"
"879","599119","3/19/2015","67500","Quarter: NE/4 Section: 34 Township: 36 Range: 16"
"880","599354","4/1/2015","207000","Section: 7 Township: 36 Range: 15"
"881","599373","4/1/2015","250000","Section: 36 Township: 37 Range: 16"
"882","599399","4/6/2015","250000","Quarter: NW/4 Section: 17 Township: 36 Range: 16"
"883","599504","4/13/2015","155000","Quarter: SW/4 Section: 14 Township: 37 Range: 16"
"884","599511","4/10/2015","118800","Quarter: SW/4 Section: 16 Township: 38 Range: 17"
"885","599511","4/10/2015","118800","Section: 16 Township: 38 Range: 17"
"886","599511","4/10/2015","118800","Quarter: SW/4 Section: 16 Township: 38 Range: 17"
"887","599511","4/10/2015","118800","Section: 16 Township: 38 Range: 17"
"888","599540","4/15/2015","297500","Quarter: NE/4 Section: 20 Township: 36 Range: 16"
"889","599547","4/15/2015","215500","Sixteenth: NE Quarter: NE Section: 18 Township: 36 Range..."
"890","599656","4/23/2015","130000","Subdivision: BARRETT TOWNSITE SUBDIVISION: BARRETT T..."
"891","599732","4/30/2015","65000","Section: 3 Township: 37 Range: 16 TR S1/2 S OF HWY 184 ..."
"892","599747","4/30/2015","240000","Subdivision: MCPHEE UNIT 1 PHASE II Lot: 19 Quarter: NE..."
"893","599838","5/6/2015","230000","Subdivision: SWENSON Lot: 2 Sixteenth: W/2 Quarter: SE/..."
"894","599909","5/8/2015","158100","Subdivision: CRITES Lot: 16 Block: 12 SUBDIVISION: C..."
"895","600017","5/14/2015","205000","Subdivision: GEORGE BAUERS (FIRST & SECOND) Lot: 1 Block..."
"896","600051","5/15/2015","175000","Section: 6 Township: 36 Range: 15 S: 6 T: 36 R: 15 T..."
"897","600115","5/18/2015","181000","Subdivision: CROWLEY Lot: 7 Quarter: SW/4 Section: 10 T..."
"898","600143","5/20/2015","309900","Subdivision: BRANDONS GATE, BLOCKS 2-6 Lot: 8 Block: 6 ..."
"899","600210","4/24/2015","169900","S: 2 T: 36 R: 15 TR W1/2NE1/4SE1/4 16.68A (NO MI..."
"900","600289","4/23/2015","65000","Subdivision: SEDONA ESTATES PHASE 2 Lot: 18 (INC ALL MIN..."
"901","600306","5/29/2015","295000","Subdivision: TULAROSA PROPERTIES NORTH Lot: 20 3.05 AC ..."
"902","600329","5/27/2015","500000","Quarter: NE/4 Section: 28 Township: 39 Range: 11 TR NE1..."
"903","600359","5/29/2015","60000","Section: 1 Township: 38 Range: 14 TR NW1/4NW1/4 AKA LOT..."
"904","600390","6/3/2015","127500","Subdivision: DURAND Lot: 2 B648 P404 B697 P882 P/10-91 ..."
"905","600455","6/8/2015","92000","Quarter: SW/4 Section: 11 Township: 37 Range: 15 S: ..."
"906","600457","6/4/2015","144000","Section: 22 Township: 36 Range: 15 2.15 AC (USA OWNS AL..."
"907","600537","6/8/2015","34000","Subdivision: WADSWORTH Lot: 3 B486 P88 B647 P694 B676 P5..."
"908","600591","6/15/2015","110000","Subdivision: PARADISE VILLAGE Lot: 6 Block: 2 B 319 P 2..."
"909","600606","6/17/2015","140000","Quarter: SW/4 Section: 29 Township: 37 Range: 16 PT E1/..."
"910","600616","6/18/2015","290500","Subdivision: CEDARWOOD ACRES Lot: 8 Block: 1 4.237A (C..."
"911","600652","6/19/2015","171500","Subdivision: HERRMANN Lot: B S: 32 T: 37 R: 16 3.25 AC..."
"912","600756","6/26/2015","110000","Subdivision: SUMMIT LAKE WEST UNIT I Lot: 15 1.90A (FED ..."
"913","600786","6/8/2015","40000","Section: 25 Township: 36 Range: 16 TR 68.3FTX180FT NE1/..."
"914","600801","6/28/2015","138000","Subdivision: F R COFFINS ADDITION Lot: 1A Block: 3 .18AC..."
"915","600805","6/26/2015","220000","Subdivision: TIBBITS-REYNOLDS Block: 7 LOT: 7 THRU:- LOT..."
"916","600845","7/2/2015","130000","Section: 6 Township: 36 Range: 15 TR 318.05X138.83 IN S..."
"917","600873","7/1/2015","156500","Subdivision: VERDE VU Lot: 2 Block: 8 B491 P297 B552 P..."
"918","600986","7/8/2015","100500","Section: 1 Township: 35 Range: 16 TR IN SE1/4NW1/4 5A ..."
"919","600987","7/8/2015","186000","Section: 2 Township: 35 Range: 17 TR SE1/4NE1/4 16.30A ..."
"920","601062","7/15/2015","215500","Subdivision: SOUTHERN BLUFFS ADDITION LOT: 204 PHASE II..."
"921","601159","7/20/2015","215731","Subdivision: UTE MOUNTAIN RANCHES Lot: 11 Quarter: NW/4..."
"922","601173","7/21/2015","279000","Subdivision: VISTAS (THE) BLOCK: 2 LOT: 2 S: 12 T: 37..."
"923","601189","7/17/2015","60000","Section: 35 Township: 36 Range: 16 S1/2SE1/4SE1/4SW1/4N..."
"924","601198","7/22/2015","100000","Subdivision: UTE MOUNTAIN RANCHES Lot: 7 (STATE OWNS AL..."
"925","601289","7/24/2015","283300","Section: 5 Township: 38 Range: 12 TR IN TR 39 N OF HWY ..."
"926","601319","7/27/2015","265000","Subdivision: CRITES Lot: 16 Block: 9 R/471483 R/483467 R..."
"927","601348","7/29/2015","180000","Section: 10 Township: 35 Range: 16 TR SE1/4SE1/4 3.04A ..."
"928","601379","7/29/2015","68000","Subdivision: CORNETT HEIGHTS Block: 5 W/2 OF LOT 17 AND ..."
"929","601390","7/29/2015","80000","Subdivision: D H LEMMONS TOWNSITE Block: 4 WEST 64FT OF ..."
"930","601390","7/29/2015","80000","Subdivision: D H LEMMONS TOWNSITE Block: 4 EAST 61FT OF ..."
"931","601390","7/29/2015","80000","Subdivision: D H LEMMONS TOWNSITE Block: 4 WEST 64FT OF ..."
"932","601390","7/29/2015","80000","Subdivision: D H LEMMONS TOWNSITE Block: 4 EAST 61FT OF ..."
"933","601449","7/29/2015","17000","Subdivision: CHAMBERLINS ADDITION (THE) BLOCK: 66 LOT: 2..."
"934","601460","7/31/2015","150000","Section: 13 Township: 37 Range: 16 TR IN W1/2E1/2 25.14..."
"935","601471","8/5/2015","128000","Section: 3 Township: 35 Range: 16 S: 3 T: 35 R: 16 T..."
"936","601474","8/4/2015","40000","Subdivision: FORKS (THE) Tract: 20 1.05AC B 462 ..."
"937","601497","8/6/2015","480000","Subdivision: MCPHEE UNIT 1 PHASE II Lot: 12 S: 11 T: 3..."
"938","601632","8/13/2015","167000","Subdivision: MONTVIEW ADDITION Lot: 4-6 Block: 2 B588 ..."
"939","601688","8/17/2015","125000","Subdivision: INDIAN CAMP RANCH Lot: 7 35.44A - (MC161..."
"940","601696","8/17/2015","254000","Subdivision: OLD WEST MINOR Lot: A 10A R/475328"
"941","601849","8/24/2015","7500","Subdivision: CORNETTS Lot: 8-13 Block: 8 B 447 P 368 ..."
"942","601879","8/26/2015","270280","Subdivision: MANCOS RANCHES 11 LOT MAJOR Lot: 4 3.58AC S..."
"943","601888","8/25/2015","52000","Subdivision: HILTZVILLE Lot: 5-8 Block: 3 B 487 P 604 ..."
"944","601948","8/28/2015","228000","Subdivision: CIELO BONITO RANCHOS NORTH Lot: 15 4.36A..."
"945","601950","8/31/2015","125000","Subdivision: ALADDIN Tract: 9 2.3A B 530 P 998-9..."
"946","601960","8/7/2015","70000","Subdivision: SEDONA ESTATES PHASE 2 Lot: 29 (INC ALL MIN..."
"947","601966","9/1/2015","270000","Subdivision: BRANDONS GATE, BLOCKS 2-6 Lot: 15 Block: 6 ..."
"948","601986","9/1/2015","200000","Subdivision: BONITA VISTA ESTATES Lot: 3 3.22A B507 ..."
"949","602028","9/2/2015","170000","Subdivision: SUNNYSIDE Lot: 15-16 Block: 1 B386 P396 B6..."
"950","602044","9/8/2015","65000","Quarter: NE/4 Section: 34 Township: 36 Range: 16 TR 100..."
"951","602137","9/16/2015","294500","Section: 13 Township: 36 Range: 14 TR SE1/4NW1/4 9.15A..."
"952","602147","9/16/2015","149000","Subdivision: GEORGE BAUERS (FIRST & SECOND) Lot: 4 Block..."
"953","602155","9/9/2015","193000","Subdivision: NOLAND ADDITION Block: 1 LOT: 5 W1/2 LOT 6:..."
"954","602194","9/16/2015","80000","Subdivision: SPRING CREEK LOT 16 AKA TR 208.6 FT X 104.3..."
"955","602420","10/2/2015","62000","Subdivision: CORNETT HEIGHTS Lot: 9-11 Block: 2 B642 P19..."
"956","602447","9/17/2015","48000","Subdivision: GEORGE BAUERS (FIRST & SECOND) Lot: 19-20 B..."
"957","602564","10/15/2015","94500","Subdivision: CORNETT HEIGHTS Lot: 20-21 Block: 10"
"958","602648","10/19/2015","85000","Subdivision: CEDAR MESA RANCHES Lot: 38 S: 28 T: 36 R: ..."
"959","602729","10/23/2015","284900","Subdivision: LOST CANYON ESTATES Lot: 8 1.63A B..."
"960","602784","10/20/2015","116000","Section: 35 Township: 37 Range: 15 TR S1/2SW1/4 3.00AC ..."
"961","602880","10/28/2015","103000","Subdivision: WINGSPREAD Lot: 7 Block: 1 S: 7 T: 37 R: 1..."
"962","603035","10/29/2015","103000","Subdivision: CORTEZ ORIGINAL Lot: 1-2 Block: 42 B522 P42..."
"963","603061","11/9/2015","155000","Subdivision: FAIRWAY ESTATES TOWNHOME #2621 & 1/4 INTERE..."
"964","603297","11/23/2015","85000","Section: 34 Township: 37 Range: 14 TR 168FTX240FT IN N..."
"965","603366","11/10/2015","47097","Subdivision: COTTONWOOD GROVE Lot: 12 4.326 R/477817..."
"966","603647","12/14/2015","90000","Section: 36 Township: 38 Range: 17 TR S1/2SE1/4 3.61A ..."
"967","603719","1/4/2016","450000","Subdivision: CRSP Block: 2 LOT: 2 S 5FT L 1; . B..."
"968","603719","1/4/2016","450000","Subdivision: CRSP Lot: 3-4 Block: 2 B407 P59 B461 P47..."
"969","603719","1/4/2016","450000","Subdivision: CRSP Block: 2 LOT: 2 S 5FT L 1; . B..."
"970","603719","1/4/2016","450000","Subdivision: CRSP Lot: 3-4 Block: 2 B407 P59 B461 P47..."
"971","603888","1/19/2016","60000","Section: 19 Township: 37 Range: 16 TR NE1/4NE1/4NE1/4 3..."
"972","603928","12/21/2015","89000","Section: 12 Township: 36 Range: 15 2 TRS N1/2NW1/4 E OF..."
"973","603938","1/21/2016","109700","Subdivision: MYLER CORNER ESTATES Lot: 3 Block: A 3.01A ..."
"974","603943","1/22/2016","325000","Subdivision: RUSSELL Lot: 1 4.35AC S:24 T:36 R:16 ..."
"975","604037","1/27/2016","126000","Subdivision: VERDE VU Lot: 7 Block: 7 B350 P109 B430..."
"976","604103","1/30/2016","64000","Subdivision: CORTEZ ORIGINAL Block: 49 S 12.5FT OF LOT 1..."
"977","604106","1/6/2016","107000","Subdivision: VERDE VU BLOCK: 4 LOT: 1 B543 P7..."
"978","604837","3/18/2016","135000","Subdivision: CORTEZ ORIGINAL Block: 32 W 92FT OF LOTS 17..."
"979","604908","3/24/2016","65600","Subdivision: HILTZVILLE Lot: 7-8 Block: 2 B 257 P 121 B..."
"980","604932","3/24/2016","148689","Subdivision: GWYN TRACTS Tract: PT 4 S: 33 T:38 R: 15 TR..."
"981","604934","2/23/2016","220000","Subdivision: WILDHORSE MINOR Lot: 2 TR: 5.05 AC (NO MIN..."
"982","604985","3/30/2016","279500","Subdivision: F R COFFINS ADDITION Lot: 22-24 Block: 16 B..."
"983","BC002","8/3/2009","200","Section: 16 Township: 35 Range: 16"
"984","BC064","12/17/2009","5000","Section: 4 Township: 35 Range: 16"
"985","BC128","4/29/2011","7500","Quarter: SE/4 Section: 36 Township: 38 Range: 17"
"986","BC168","8/9/2011","60000","Quarter: SE/4 Section: 11 Township: 37 Range: 17"
"987","BC170","8/10/2011","7000","Quarter: SW/4 Section: 31 Township: 38 Range: 16 Subdiv..."
"988","BC184","7/1/2010","10000","Section: 6 Township: 36 Range: 16"
"989","BC270","4/25/2012","200","Quarter: NE/4 Section: 35 Township: 38 Range: 17"
"990","BC291","7/27/2012","5534","Quarter: SE/4 Section: 10 Township: 37 Range: 15 Subdiv..."
"991","BC299","9/17/2012","3000","Quarter: NW/4 Section: 16 Township: 35 Range: 16"
"992","BC321","9/23/2012","5000","Section: 8 Township: 36 Range: 15 Subdivision: LAKESIDE..."
"993","BC326","1/16/2013","35000","Section: 35 Township: 36 Range: 16"
"994","BC331","9/14/2012","85000","0"
"995","BC337","11/30/2012","90000","Quarter: NW/4 Section: 26 Township: 37 Range: 15"
"996","BC342","3/6/2013","2500","Quarter: SW/4 Section: 26 Township: 37 Range: 16"
"997","BC343","4/8/2013","200","Section: 56 Township: 36 Range: 15"
"998","BC366","8/3/2013","17000","0 Subdivision: SIKIS VILLAGE MHP"
"999","BC380","7/3/2013","5000","Section: 15 Township: 38 Range: 17"
"1000","BC404","11/2/2012","8000","Section: 1 Township: 35 Range: 14"
"1001","BC436","2/6/2014","1500","Section: 16 Township: 35 Range: 16"
"1002","BC469","3/25/2014","3000","0 Subdivision: ESCALANTE MHP"
"1003","BC482","4/18/2014","11000","0"
"1004","BC485","3/25/2014","35050","0 Subdivision: POLICH MINOR Lot: 2"
"1005","BC488","2/27/2014","90000","Quarter: NE/4 Section: 18 Township: 36 Range: 14 Subdiv..."
"1006","BC497","3/19/2014","6000","Quarter: N/W Section: 33 Township: 38 Range: 16"
"1007","BC515","2/1/2014","5000","Quarter: NW/4 Section: 35 Township: 36 Range: 16"
"1008","BC533","7/21/2014","30000","Quarter: SW1/4 Section: 2 Township: 36 Range: 15"
"1009","BC551","9/2/2014","8750","0"
"1010","BC608","4/1/2015","2000","Quarter: NE/4 Section: 18 Township: 36 Range: 14 Subdiv..."
"1011","DS15","6/14/2011","12000","0 Subdivision: SIKIS VILLAGE MHP"
"1012","DS31","12/9/2011","9000","Section: 8 Township: 35 Range: 16"
"1013","JN14","5/26/2011","5000","Section: 3 Township: 37 Range: 17"
"1014","JN20","11/1/2010","20000","Quarter: SE/4 Section: 20 Township: 35 Range: 16"
"1015","JN26","11/10/2011","18000","Quarter: NE/4 Section: 23 Township: 36 Range: 16"
"1016","LB078","2/17/2010","121000","Section: 4 Township: 36 Range: 16"
"1017","LB102","5/21/2010","3000","Quarter: NW/4 Section: 31 Township: 37 Range: 15"
"1018","LB107","9/2/2010","18000","Section: 3 Township: 37 Range: 16"
"1019","LB116","10/27/2010","1000","Section: 8 Township: 36 Range: 15"
"1020","LB132","2/2/2011","1000","Quarter: NE/4 Section: 29 Township: 38 Range: 16"
"1021","LB228","9/28/2012","26500","0 Subdivision: MCPHEE MHP"
"1022","LB242","2/1/2013","95000","Quarter: SW/4 Section: 12 Township: 36 Range: 14"
"1023","LB272","5/24/2013","2305","Section: 2 Township: 37 Range: 16"
"1024","LB274","6/28/2013","25000","Quarter: NE/4 Section: 28 Township: 36 Range: 13"
"1025","LB287","1/10/2014","14000","Quarter: NW/4 Section: 32 Township: 38 Range: 17"
"1026","LB288","9/1/2013","11000","Quarter: NE/4 Section: 28 Township: 37 Range: 16"
"1027","LB300","2/21/2014","15000","Section: 10 Township: 35 Range: 16"
"1028","LB306","2/1/2014","25000","Quarter: NW/4 Section: 32 Township: 37 Range: 16"
"1029","LB315","7/30/2014","12500","Quarter: SW1/4 Section: 27 Township: 38 Range: 14"
"1030","LB318","7/1/2014","17500","Section: 35 Township: 36 Range: 16 Subdivision: NILSSON"
"1031","LB330","10/10/2014","15000","Section: 14 Township: 35 Range: 16"
"1032","LB49","7/28/2009","40000","Section: 9 Township: 36 Range: 16"
"1033","LB51","7/23/2009","8000","Section: 29 Township: 36 Range: 13"
"1034","LB57","9/16/2009","11194","Section: 15 Township: 35 Range: 16"
"1035","LB71","11/1/2009","4700","Section: 3 Township: 37 Range: 17"
"1036","LB91","7/1/2008","4500","Quarter: NW/4 Section: 35 Township: 36 Range: 16 Subdiv..."
"1037","LB93","4/1/2010","2000","Quarter: NE/4 Section: 12 Township: 37 Range: 18"
"1038","P122","2/24/2012","4600","Quarter: SE/4 Section: 21 Township: 37 Range: 16 Subdiv..."
"1039","P2182","1/26/2010","25000","Quarter: NW/4 Section: 15 Township: 37 Range: 16"
"1040","P827","8/27/2012","1000","Section: 17 Township: 36 Range: 14"
"1041","PP918","9/18/2009","6500","Quarter: SE/4 Section: 16 Township: 37 Range: 15"
"1042","SLH28","8/15/2014","8500","Quarter: SE1/4 Section: 33 Township: 39 Range: 17"
"1043","SLH30","9/2/2014","500","Section: 6 Township: 36 Range: 15"
"1044","SLH32","8/27/2014","4000","Quarter: NW/4 Section: 30 Township: 38 Range: 17"
"1045","SLH35","10/14/2014","23000","0 Subdivision: GLADE MHP"
"1046","SLH51","12/29/2014","500","Quarter: NE/4 Section: 33 Township: 37 Range: 15"
